bl_term,normalized_term,pad_category,commodity_category_code,is_validated,source_type,source_document,source_section,source_page,source_refs,status,notes
CRUSTACES NDA,crustaces nda,P01,P01,true,official_nomenclature,REDEVANCES_PORTUAIRES_2006.pdf,2.3.1,10,2.3.1:p10; 2.3.2:p19; 2.3.3:p24,injectable,
THONIDES,thonides,P02,P02,true,official_nomenclature,REDEVANCES_PORTUAIRES_2006.pdf,2.3.1,10,2.3.1:p10; 2.3.2:p23; 2.3.3:p24,injectable,
CRABES,crabes,P03,P03,true,official_nomenclature,REDEVANCES_PORTUAIRES_2006.pdf,2.3.1,10,2.3.1:p10; 2.3.2:p19; 2.3.3:p24,injectable,
CREVETTES DE FONDS,crevettes de fonds,P03,P03,true,official_nomenclature,REDEVANCES_PORTUAIRES_2006.pdf,2.3.1,10,2.3.1:p10; 2.3.2:p19; 2.3.3:p24,injectable,
"MOLLUSQUES, ROUGETS, POISSONS PLATS",mollusques rougets poissons plats,P03,P03,true,official_nomenclature,REDEVANCES_PORTUAIRES_2006.pdf,2.3.1,10,2.3.1:p10; 2.3.2:p21,injectable,
"MULLUSQUES, ROUGERS, POISSONS PLATS",mullusques rougers poissons plats,P03,P03,true,official_nomenclature,REDEVANCES_PORTUAIRES_2006.pdf,2.3.3,24,2.3.3:p24,injectable,
"SARDINELLES, CHINCHARD, MAQUEREAU",sardinelles chinchard maquereau,P04,P04,true,official_nomenclature,REDEVANCES_PORTUAIRES_2006.pdf,2.3.1,10,2.3.1:p10; 2.3.2:p22; 2.3.3:p24,injectable,
PRODUITS DE PECHE NDA,produits de peche nda,P05,P05,true,official_nomenclature,REDEVANCES_PORTUAIRES_2006.pdf,2.3.1,10,2.3.1:p10; 2.3.2:p22; 2.3.3:p24,injectable,
APPAREILS SCIENTIFIQUES ET MATERIEL DE LABORATOIRE,appareils scientifiques et materiel de laboratoire,T01,T01,true,official_nomenclature,REDEVANCES_PORTUAIRES_2006.pdf,2.3.3,24,2.3.3:p24,injectable,
APPAREILS SCIENTIFIQUES ET MATERIELS DE LABORATOIRE,appareils scientifiques et materiels de laboratoire,T01,T01,true,official_nomenclature,REDEVANCES_PORTUAIRES_2006.pdf,2.3.1,16,2.3.1:p16; 2.3.2:p17,injectable,
ARMRURERIE,armrurerie,T01,T01,true,official_nomenclature,REDEVANCES_PORTUAIRES_2006.pdf,2.3.1,16,2.3.1:p16,injectable,
ARMURERIE,armurerie,T01,T01,true,official_nomenclature,REDEVANCES_PORTUAIRES_2006.pdf,2.3.2,17,2.3.2:p17; 2.3.3:p24,injectable,
"AUTRE TABAC, CIGARETTES, CIGARES, ET FILTRES",autre tabac cigarettes cigares et filtres,T01,T01,true,official_nomenclature,REDEVANCES_PORTUAIRES_2006.pdf,2.3.1,10,2.3.1:p10; 2.3.2:p17; 2.3.3:p24,injectable,
BIJOUTERIE SAUF BIJOUTERIE FANTAISIE,bijouterie sauf bijouterie fantaisie,T01,T01,true,official_nomenclature,REDEVANCES_PORTUAIRES_2006.pdf,2.3.2,17,2.3.2:p17; 2.3.3:p24,injectable,
BOISSONS ALCOOLISEES SAUF VIN <= 13°,boissons alcoolisees sauf vin 13,T01,T01,true,official_nomenclature,REDEVANCES_PORTUAIRES_2006.pdf,2.3.1,10,2.3.1:p10; 2.3.2:p18; 2.3.3:p24,injectable,
CINEMA/ FILM ET APPAREIL,cinema film et appareil,T01,T01,true,official_nomenclature,REDEVANCES_PORTUAIRES_2006.pdf,2.3.2,18,2.3.2:p18; 2.3.3:p24,injectable,
"ELECTROPHONES, CHAINES HI-FI",electrophones chaines hi fi,T01,T01,true,official_nomenclature,REDEVANCES_PORTUAIRES_2006.pdf,2.3.1,15,2.3.1:p15; 2.3.2:p19; 2.3.3:p24,injectable,
HORLOGERIE,horlogerie,T01,T01,true,official_nomenclature,REDEVANCES_PORTUAIRES_2006.pdf,2.3.1,16,2.3.1:p16; 2.3.2:p20; 2.3.3:p24,injectable,
INSTRUMENTS DE MESURE,instruments de mesure,T01,T01,true,official_nomenclature,REDEVANCES_PORTUAIRES_2006.pdf,2.3.1,15,2.3.1:p15; 2.3.2:p20; 2.3.3:p24,injectable,
INSTRUMENTS DE MUSIQUE,instruments de musique,T01,T01,true,official_nomenclature,REDEVANCES_PORTUAIRES_2006.pdf,2.3.2,20,2.3.2:p20; 2.3.3:p24,injectable,
MACHINE A CALCULER,machine a calculer,T01,T01,true,official_nomenclature,REDEVANCES_PORTUAIRES_2006.pdf,2.3.1,16,2.3.1:p16,injectable,
MACHINES A CALCULER,machines a calculer,T01,T01,true,official_nomenclature,REDEVANCES_PORTUAIRES_2006.pdf,2.3.2,20,2.3.2:p20; 2.3.3:p24,injectable,
"MAGNETOPHONES, MAGNETOSCOPES, TV",magnetophones magnetoscopes tv,T01,T01,true,official_nomenclature,REDEVANCES_PORTUAIRES_2006.pdf,2.3.1,15,2.3.1:p15; 2.3.2:p20; 2.3.3:p24,injectable,
"MAT. INFORMATIQUE, ORDINATEURS",mat informatique ordinateurs,T01,T01,true,official_nomenclature,REDEVANCES_PORTUAIRES_2006.pdf,2.3.2,20,2.3.2:p20; 2.3.3:p24,injectable,
MATERIEL DE PHOTOCOPIEUSE ET DE REPROGRAPHIE,materiel de photocopieuse et de reprographie,T01,T01,true,official_nomenclature,REDEVANCES_PORTUAIRES_2006.pdf,2.3.1,16,2.3.1:p16; 2.3.3:p24,injectable,Near-duplicate of 'MATERIEL DE PHOTOCOPIE ET DE REPROGRAPHIE' (T02); different normalized forms — kept as distinct entries per source. Operator review recommended to confirm whether these should map to the same tariff.
"MATERIEL PHOTOGRAPHIQUE, APPAREILS PHOTOS ET PELLICULES",materiel photographique appareils photos et pellicules,T01,T01,true,official_nomenclature,REDEVANCES_PORTUAIRES_2006.pdf,2.3.2,20,2.3.2:p20,injectable,
"MATERIELS INFORMATIQUES, ORDINATEURS",materiels informatiques ordinateurs,T01,T01,true,official_nomenclature,REDEVANCES_PORTUAIRES_2006.pdf,2.3.1,16,2.3.1:p16,injectable,
"MATERIELS PHOTOGRAPHIQUES, APPAREILS PHOTOS ET PELLICULES",materiels photographiques appareils photos et pellicules,T01,T01,true,official_nomenclature,REDEVANCES_PORTUAIRES_2006.pdf,2.3.3,24,2.3.3:p24,injectable,
"MOBILIERS, AMEUBLEMENT",mobiliers ameublement,T01,T01,true,official_nomenclature,REDEVANCES_PORTUAIRES_2006.pdf,2.3.1,16,2.3.1:p16; 2.3.2:p21; 2.3.3:p24,injectable,
MONNAIE ET BILLETS DE BANQUE,monnaie et billets de banque,T01,T01,true,official_nomenclature,REDEVANCES_PORTUAIRES_2006.pdf,2.3.1,16,2.3.1:p16; 2.3.2:p21; 2.3.3:p24,injectable,
MUNITIONS NDA,munitions nda,T01,T01,true,official_nomenclature,REDEVANCES_PORTUAIRES_2006.pdf,2.3.1,16,2.3.1:p16,injectable,
"MUNITIONS POUR CHASSE ET SPORT NDA, PYROTECHNIE, EXPLOISIFS",munitions pour chasse et sport nda pyrotechnie exploisifs,T01,T01,true,official_nomenclature,REDEVANCES_PORTUAIRES_2006.pdf,2.3.2,21,2.3.2:p21; 2.3.3:p24,injectable,
"OPTIQUE, LUNETTERIE, ARTICLES POUR FUMEURS",optique lunetterie articles pour fumeurs,T01,T01,true,official_nomenclature,REDEVANCES_PORTUAIRES_2006.pdf,2.3.1,16,2.3.1:p16; 2.3.2:p21; 2.3.3:p24,injectable,
"PERLES, PIERRES PRECIEUX",perles pierres precieux,T01,T01,true,official_nomenclature,REDEVANCES_PORTUAIRES_2006.pdf,2.3.2,21,2.3.2:p21; 2.3.3:p24,injectable,
RADIO EMETTEUR ET APARAILS METEO,radio emetteur et aparails meteo,T01,T01,true,official_nomenclature,REDEVANCES_PORTUAIRES_2006.pdf,2.3.1,15,2.3.1:p15; 2.3.3:p24,injectable,
RADIO EMETTEUR ET APPAREILS METEO,radio emetteur et appareils meteo,T01,T01,true,official_nomenclature,REDEVANCES_PORTUAIRES_2006.pdf,2.3.2,22,2.3.2:p22,injectable,
TABAC EN FEUILLE (MAT 1 ére),tabac en feuille mat 1 ere,T01,T01,true,official_nomenclature,REDEVANCES_PORTUAIRES_2006.pdf,2.3.1,10,2.3.1:p10; 2.3.2:p23; 2.3.3:p24,injectable,
TELEPHONE ET ACCESSOIRES,telephone et accessoires,T01,T01,true,official_nomenclature,REDEVANCES_PORTUAIRES_2006.pdf,2.3.1,15,2.3.1:p15; 2.3.2:p23; 2.3.3:p24,injectable,
TELEVISIONS ET ACCESSOIRES,televisions et accessoires,T01,T01,true,official_nomenclature,REDEVANCES_PORTUAIRES_2006.pdf,2.3.1,15,2.3.1:p15; 2.3.2:p23; 2.3.3:p24,injectable,
VIN ET BOISSONS ALCOOLISEES > 13°,vin et boissons alcoolisees 13,T01,T01,true,official_nomenclature,REDEVANCES_PORTUAIRES_2006.pdf,2.3.3,24,2.3.3:p24,injectable,
VINS < = 13° NDA,vins 13 nda,T01,T01,true,official_nomenclature,REDEVANCES_PORTUAIRES_2006.pdf,2.3.1,10,2.3.1:p10; 2.3.2:p23; 2.3.3:p24,injectable,
VINS ET BOISSONS ALCOOLISEES >13°,vins et boissons alcoolisees 13,T01,T01,true,official_nomenclature,REDEVANCES_PORTUAIRES_2006.pdf,2.3.2,23,2.3.2:p23,injectable,
ANIMAUX VIVANTS,animaux vivants,T02,T02,true,official_nomenclature,REDEVANCES_PORTUAIRES_2006.pdf,2.3.1,9,2.3.1:p9; 2.3.2:p17; 2.3.3:p25,injectable,
APPAREIL ELECTRO-MENAGERS ET CLIMATISEURS,appareil electro menagers et climatiseurs,T02,T02,true,official_nomenclature,REDEVANCES_PORTUAIRES_2006.pdf,2.3.1,15,2.3.1:p15; 2.3.3:p25,injectable,
APPAREILS ELECTRO-MENAGERS ET CLIMATISEURS,appareils electro menagers et climatiseurs,T02,T02,true,official_nomenclature,REDEVANCES_PORTUAIRES_2006.pdf,2.3.2,17,2.3.2:p17,injectable,
APPAREILS MENAGERS NON ELECTRIQUES,appareils menagers non electriques,T02,T02,true,official_nomenclature,REDEVANCES_PORTUAIRES_2006.pdf,2.3.1,15,2.3.1:p15; 2.3.2:p17; 2.3.3:p25,injectable,
ARTICLES MAT. PECHE & CHASSE,articles mat peche chasse,T02,T02,true,official_nomenclature,REDEVANCES_PORTUAIRES_2006.pdf,2.3.1,16,2.3.1:p16; 2.3.2:p17; 2.3.3:p25,injectable,
ARTICLES METALLIQUES NDA,articles metalliques nda,T02,T02,true,official_nomenclature,REDEVANCES_PORTUAIRES_2006.pdf,2.3.1,15,2.3.1:p15; 2.3.2:p17; 2.3.3:p25,injectable,
AVITAILLEMENTS HOTEL,avitaillements hotel,T02,T02,true,official_nomenclature,REDEVANCES_PORTUAIRES_2006.pdf,2.3.1,10,2.3.1:p10; 2.3.2:p17; 2.3.3:p25,injectable,
"BAGAGES, EFFETS PERSONNELS",bagages effets personnels,T02,T02,true,official_nomenclature,REDEVANCES_PORTUAIRES_2006.pdf,2.3.1,16,2.3.1:p16; 2.3.2:p17; 2.3.3:p25,injectable,
BANANES,bananes,T02,T02,true,official_nomenclature,REDEVANCES_PORTUAIRES_2006.pdf,2.3.1,9,2.3.1:p9; 2.3.2:p17; 2.3.3:p25,injectable,
BEURRE FROAMGE ET AUTRES PRODUITS LAITIERS NDA,beurre froamge et autres produits laitiers nda,T02,T02,true,official_nomenclature,REDEVANCES_PORTUAIRES_2006.pdf,2.3.1,10,2.3.1:p10; 2.3.2:p17,injectable,
BEURRE FROMAGE ET AUTRES PRODUITS LAITIERS NDA,beurre fromage et autres produits laitiers nda,T02,T02,true,official_nomenclature,REDEVANCES_PORTUAIRES_2006.pdf,2.3.3,25,2.3.3:p25,injectable,
BICYCLETTES ET ACCESSOIRES,bicyclettes et accessoires,T02,T02,true,official_nomenclature,REDEVANCES_PORTUAIRES_2006.pdf,2.3.1,15,2.3.1:p15; 2.3.2:p17; 2.3.3:p25,injectable,
"BONNERIE, MERCERIE",bonnerie mercerie,T02,T02,true,official_nomenclature,REDEVANCES_PORTUAIRES_2006.pdf,2.3.1,16,2.3.1:p16; 2.3.2:p18; 2.3.3:p25,injectable,
CABLES ELECTRONIQUES,cables electroniques,T02,T02,true,official_nomenclature,REDEVANCES_PORTUAIRES_2006.pdf,2.3.1,15,2.3.1:p15; 2.3.2:p18; 2.3.3:p25,injectable,
"CACAO, CHOCOLAT, CHICOREE",cacao chocolat chicoree,T02,T02,true,official_nomenclature,REDEVANCES_PORTUAIRES_2006.pdf,2.3.1,10,2.3.1:p10; 2.3.2:p18; 2.3.3:p25,injectable,
"CAFE, NESCAFE",cafe nescafe,T02,T02,true,official_nomenclature,REDEVANCES_PORTUAIRES_2006.pdf,2.3.1,10,2.3.1:p10; 2.3.1:p13; 2.3.2:p18; 2.3.3:p25,injectable,
CHAUSSURES,chaussures,T02,T02,true,official_nomenclature,REDEVANCES_PORTUAIRES_2006.pdf,2.3.1,16,2.3.1:p16; 2.3.2:p18; 2.3.3:p25,injectable,
COLAS,colas,T02,T02,true,official_nomenclature,REDEVANCES_PORTUAIRES_2006.pdf,2.3.1,9,2.3.1:p9; 2.3.2:p18; 2.3.3:p25,injectable,
"CONDIMENT, EPICE, AROMES NATURELS OU ARTIFICIELS NDA",condiment epice aromes naturels ou artificiels nda,T02,T02,true,official_nomenclature,REDEVANCES_PORTUAIRES_2006.pdf,2.3.1,10,2.3.1:p10,injectable,
"CONDIMENTS, EPICE, AROMES NATURELS OU ARTIFICIELS NDA",condiments epice aromes naturels ou artificiels nda,T02,T02,true,official_nomenclature,REDEVANCES_PORTUAIRES_2006.pdf,2.3.2,18,2.3.2:p18; 2.3.3:p25,injectable,
CONFITURE,confiture,T02,T02,true,official_nomenclature,REDEVANCES_PORTUAIRES_2006.pdf,2.3.1,10,2.3.1:p10; 2.3.2:p18; 2.3.3:p25,injectable,
CONSERVES DE FRUITS,conserves de fruits,T02,T02,true,official_nomenclature,REDEVANCES_PORTUAIRES_2006.pdf,2.3.1,11,2.3.1:p11; 2.3.2:p18; 2.3.3:p25,injectable,
CONSERVES DE LEGUMES,conserves de legumes,T02,T02,true,official_nomenclature,REDEVANCES_PORTUAIRES_2006.pdf,2.3.1,11,2.3.1:p11; 2.3.2:p18; 2.3.3:p25,injectable,
CONSERVES DE POISSON CRUSTACES ET MOLLUSQUES NDA,conserves de poisson crustaces et mollusques nda,T02,T02,true,official_nomenclature,REDEVANCES_PORTUAIRES_2006.pdf,2.3.1,10,2.3.1:p10; 2.3.2:p18; 2.3.3:p25,injectable,
"CONSERVES DE VIANDE, ET CHARCUTERIE",conserves de viande et charcuterie,T02,T02,true,official_nomenclature,REDEVANCES_PORTUAIRES_2006.pdf,2.3.1,10,2.3.1:p10; 2.3.2:p18; 2.3.3:p25,injectable,
COUTELLERIE,coutellerie,T02,T02,true,official_nomenclature,REDEVANCES_PORTUAIRES_2006.pdf,2.3.1,15,2.3.1:p15; 2.3.2:p19; 2.3.3:p25,injectable,
"COUVERTURE, LINGERIE",couverture lingerie,T02,T02,true,official_nomenclature,REDEVANCES_PORTUAIRES_2006.pdf,2.3.1,16,2.3.1:p16; 2.3.2:p19; 2.3.3:p25,injectable,
"DROGUERIE, PRODUITS D'ENTRETIEN",droguerie produits d entretien,T02,T02,true,official_nomenclature,REDEVANCES_PORTUAIRES_2006.pdf,2.3.2,19,2.3.2:p19,injectable,
"DROGUERIES, PRODUITS D'ENTRETIEN",drogueries produits d entretien,T02,T02,true,official_nomenclature,REDEVANCES_PORTUAIRES_2006.pdf,2.3.1,14,2.3.1:p14; 2.3.3:p25,injectable,
EFFETS DE TOILETTE,effets de toilette,T02,T02,true,official_nomenclature,REDEVANCES_PORTUAIRES_2006.pdf,2.3.2,19,2.3.2:p19; 2.3.3:p25,injectable,
ELEMENTS DE CONSTRUCTION FINIS ET CONSTRUCTIONS EN METAL,elements de construction finis et constructions en metal,T02,T02,true,official_nomenclature,REDEVANCES_PORTUAIRES_2006.pdf,2.3.1,15,2.3.1:p15; 2.3.2:p19; 2.3.3:p25,injectable,
"EXTINCTEURS, BOUTEILLES DE GAZ (vides ou pleines)",extincteurs bouteilles de gaz vides ou pleines,T02,T02,true,official_nomenclature,REDEVANCES_PORTUAIRES_2006.pdf,2.3.1,15,2.3.1:p15; 2.3.2:p19; 2.3.3:p25,injectable,
LEGUMES FRAIS NDA,legumes frais nda,T02,T02,true,official_nomenclature,REDEVANCES_PORTUAIRES_2006.pdf,2.3.1,9,2.3.1:p9; 2.3.2:p20; 2.3.3:p25,injectable,
"LIVRES, JOURNAUX, IMPRIMES",livres journaux imprimes,T02,T02,true,official_nomenclature,REDEVANCES_PORTUAIRES_2006.pdf,2.3.1,16,2.3.1:p16; 2.3.2:p20; 2.3.3:p25,injectable,
MACHINES OUTILS,machines outils,T02,T02,true,official_nomenclature,REDEVANCES_PORTUAIRES_2006.pdf,2.3.1,15,2.3.1:p15; 2.3.2:p20; 2.3.3:p25,injectable,
MAROQUINERIE,maroquinerie,T02,T02,true,official_nomenclature,REDEVANCES_PORTUAIRES_2006.pdf,2.3.1,16,2.3.1:p16; 2.3.2:p20; 2.3.3:p25,injectable,
MATERIEL DE PHOTOCOPIE ET DE REPROGRAPHIE,materiel de photocopie et de reprographie,T02,T02,true,official_nomenclature,REDEVANCES_PORTUAIRES_2006.pdf,2.3.2,20,2.3.2:p20; 2.3.3:p25,injectable,Near-duplicate of 'MATERIEL DE PHOTOCOPIEUSE ET DE REPROGRAPHIE' (T01); different normalized forms — kept as distinct entries per source. Operator review recommended to confirm whether these should map to the same tariff.
MATERIELS ELECTRIQUES ET APPAREIL ECLAIRAGE,materiels electriques et appareil eclairage,T02,T02,true,official_nomenclature,REDEVANCES_PORTUAIRES_2006.pdf,2.3.1,15,2.3.1:p15; 2.3.2:p21; 2.3.3:p25,injectable,
MATERIELS INDUSTRIEL NDA,materiels industriel nda,T02,T02,true,official_nomenclature,REDEVANCES_PORTUAIRES_2006.pdf,2.3.3,25,2.3.3:p25,injectable,
MATERIELS INDUSTRIELS NDA,materiels industriels nda,T02,T02,true,official_nomenclature,REDEVANCES_PORTUAIRES_2006.pdf,2.3.1,15,2.3.1:p15; 2.3.2:p21,injectable,
MIROITERIE,miroiterie,T02,T02,true,official_nomenclature,REDEVANCES_PORTUAIRES_2006.pdf,2.3.1,15,2.3.1:p15; 2.3.2:p21; 2.3.3:p25,injectable,
MOTEURS ELCETRIQUES ET A EXPLOSION,moteurs elcetriques et a explosion,T02,T02,true,official_nomenclature,REDEVANCES_PORTUAIRES_2006.pdf,2.3.1,15,2.3.1:p15; 2.3.2:p21; 2.3.3:p25,injectable,
MOTOCYCLES SAUF SCOOOTER,motocycles sauf scoooter,T02,T02,true,official_nomenclature,REDEVANCES_PORTUAIRES_2006.pdf,2.3.1,15,2.3.1:p15; 2.3.2:p21; 2.3.3:p25,injectable,
"OBJET ART, COLLECTION",objet art collection,T02,T02,true,official_nomenclature,REDEVANCES_PORTUAIRES_2006.pdf,2.3.2,21,2.3.2:p21; 2.3.3:p25,injectable,
ORANGES,oranges,T02,T02,true,official_nomenclature,REDEVANCES_PORTUAIRES_2006.pdf,2.3.1,9,2.3.1:p9; 2.3.2:p21; 2.3.3:p25,injectable,
OUTILS A MAIN,outils a main,T02,T02,true,official_nomenclature,REDEVANCES_PORTUAIRES_2006.pdf,2.3.1,15,2.3.1:p15; 2.3.2:p21; 2.3.3:p25,injectable,
"PAPETERIE, ET MATERIELS, FOURNITURE DE BUREAU",papeterie et materiels fourniture de bureau,T02,T02,true,official_nomenclature,REDEVANCES_PORTUAIRES_2006.pdf,2.3.1,16,2.3.1:p16,injectable,
"PAPETERIRE, MATERIELS FOURNITURE DE BUREAU",papeterire materiels fourniture de bureau,T02,T02,true,official_nomenclature,REDEVANCES_PORTUAIRES_2006.pdf,2.3.3,25,2.3.3:p25,injectable,
"PAPETERIRE, MATERIELS FOURNITURES DE BUREAU",papeterire materiels fournitures de bureau,T02,T02,true,official_nomenclature,REDEVANCES_PORTUAIRES_2006.pdf,2.3.2,21,2.3.2:p21,injectable,
"PARFUMERIE, TEINTURE CAPILAIRE",parfumerie teinture capilaire,T02,T02,true,official_nomenclature,REDEVANCES_PORTUAIRES_2006.pdf,2.3.2,21,2.3.2:p21; 2.3.3:p26,injectable,
"PARFUMERIE, TEINTURE CAPILLAIRE",parfumerie teinture capillaire,T02,T02,true,official_nomenclature,REDEVANCES_PORTUAIRES_2006.pdf,2.3.1,14,2.3.1:p14,injectable,
PATE ET PREPARATION ALIMENTAIRES A BASE DE PATE,pate et preparation alimentaires a base de pate,T02,T02,true,official_nomenclature,REDEVANCES_PORTUAIRES_2006.pdf,2.3.1,10,2.3.1:p10; 2.3.2:p21; 2.3.3:p26,injectable,
"PEINTURE, COLORANTS INDUSTRIELS RESINE POUR PEINTURE",peinture colorants industriels resine pour peinture,T02,T02,true,official_nomenclature,REDEVANCES_PORTUAIRES_2006.pdf,2.3.1,14,2.3.1:p14; 2.3.2:p21; 2.3.3:p26,injectable,
PIECES DETACHEES DE MACHINES ET APPAREILS,pieces detachees de machines et appareils,T02,T02,true,official_nomenclature,REDEVANCES_PORTUAIRES_2006.pdf,2.3.1,15,2.3.1:p15; 2.3.2:p21; 2.3.3:p26,injectable,
PIECES DETACHEES DE VEHICULES ET DE MATERIEL DE TRANSPORT,pieces detachees de vehicules et de materiel de transport,T02,T02,true,official_nomenclature,REDEVANCES_PORTUAIRES_2006.pdf,2.3.1,15,2.3.1:p15; 2.3.2:p21; 2.3.3:p26,injectable,
PLATS CUISINES,plats cuisines,T02,T02,true,official_nomenclature,REDEVANCES_PORTUAIRES_2006.pdf,2.3.1,10,2.3.1:p10; 2.3.2:p21; 2.3.3:p26,injectable,
"PLOMBERIE, ROBINETTERIE",plomberie robinetterie,T02,T02,true,official_nomenclature,REDEVANCES_PORTUAIRES_2006.pdf,2.3.1,15,2.3.1:p15; 2.3.2:p21; 2.3.3:p26,injectable,
PNEUMATIQUES,pneumatiques,T02,T02,true,official_nomenclature,REDEVANCES_PORTUAIRES_2006.pdf,2.3.1,16,2.3.1:p16; 2.3.2:p22; 2.3.3:p26,injectable,
POMMES,pommes,T02,T02,true,official_nomenclature,REDEVANCES_PORTUAIRES_2006.pdf,2.3.1,9,2.3.1:p9; 2.3.2:p22; 2.3.3:p26,injectable,
PREPARATIONS ALIMENTAIRES NDA,preparations alimentaires nda,T02,T02,true,official_nomenclature,REDEVANCES_PORTUAIRES_2006.pdf,2.3.1,10,2.3.1:p10; 2.3.2:p22; 2.3.3:p26,injectable,
PRODUITS COSMETIQUES,produits cosmetiques,T02,T02,true,official_nomenclature,REDEVANCES_PORTUAIRES_2006.pdf,2.3.1,14,2.3.1:p14; 2.3.2:p22; 2.3.3:p26,injectable,
PRODUITS DE TOILETTE NDA,produits de toilette nda,T02,T02,true,official_nomenclature,REDEVANCES_PORTUAIRES_2006.pdf,2.3.1,14,2.3.1:p14; 2.3.2:p22; 2.3.3:p26,injectable,
PRODUITS METALLURGIQUES NON FERREUX,produits metallurgiques non ferreux,T02,T02,true,official_nomenclature,REDEVANCES_PORTUAIRES_2006.pdf,2.3.1,12,2.3.1:p12; 2.3.2:p22; 2.3.3:p26,injectable,
"QUINCAILLERIE, BOULONNERIE, VISSERIE",quincaillerie boulonnerie visserie,T02,T02,true,official_nomenclature,REDEVANCES_PORTUAIRES_2006.pdf,2.3.1,16,2.3.1:p16,injectable,
"QUINCALLERIE, BOULONNERIE, VISSERIE",quincallerie boulonnerie visserie,T02,T02,true,official_nomenclature,REDEVANCES_PORTUAIRES_2006.pdf,2.3.2,22,2.3.2:p22; 2.3.3:p26,injectable,
SACS ET COLIS POSTAUX,sacs et colis postaux,T02,T02,true,official_nomenclature,REDEVANCES_PORTUAIRES_2006.pdf,2.3.1,16,2.3.1:p16; 2.3.2:p22; 2.3.3:p26,injectable,
SCOOTERS,scooters,T02,T02,true,official_nomenclature,REDEVANCES_PORTUAIRES_2006.pdf,2.3.1,15,2.3.1:p15; 2.3.2:p22; 2.3.3:p26,injectable,
SEL NDA,sel nda,T02,T02,true,official_nomenclature,REDEVANCES_PORTUAIRES_2006.pdf,2.3.1,12,2.3.1:p12,injectable,
SIMILI- CUIRS,simili cuirs,T02,T02,true,official_nomenclature,REDEVANCES_PORTUAIRES_2006.pdf,2.3.1,16,2.3.1:p16; 2.3.2:p22; 2.3.3:p26,injectable,
TEINTURE NDA,teinture nda,T02,T02,true,official_nomenclature,REDEVANCES_PORTUAIRES_2006.pdf,2.3.1,14,2.3.1:p14; 2.3.3:p26,injectable,
TEINTURES NDA,teintures nda,T02,T02,true,official_nomenclature,REDEVANCES_PORTUAIRES_2006.pdf,2.3.2,23,2.3.2:p23,injectable,
"TEXTILE, HABILLEMENT, LINGE DE MAISON NDA",textile habillement linge de maison nda,T02,T02,true,official_nomenclature,REDEVANCES_PORTUAIRES_2006.pdf,2.3.1,16,2.3.1:p16; 2.3.2:p23; 2.3.3:p26,injectable,
THE,the,T02,T02,true,official_nomenclature,REDEVANCES_PORTUAIRES_2006.pdf,2.3.1,10,2.3.1:p10; 2.3.2:p23; 2.3.3:p26,injectable,
"TISSUS, ETOFFES",tissus etoffes,T02,T02,true,official_nomenclature,REDEVANCES_PORTUAIRES_2006.pdf,2.3.1,16,2.3.1:p16; 2.3.2:p23; 2.3.3:p26,injectable,
USTENSILES DE MENAGE,ustensiles de menage,T02,T02,true,official_nomenclature,REDEVANCES_PORTUAIRES_2006.pdf,2.3.1,15,2.3.1:p15; 2.3.3:p26,injectable,
USTENSILS DE MENAGE,ustensils de menage,T02,T02,true,official_nomenclature,REDEVANCES_PORTUAIRES_2006.pdf,2.3.2,23,2.3.2:p23,injectable,
"VAISSELLES, VERRERIE DE TABLE",vaisselles verrerie de table,T02,T02,true,official_nomenclature,REDEVANCES_PORTUAIRES_2006.pdf,2.3.1,15,2.3.1:p15; 2.3.2:p23; 2.3.3:p26,injectable,
"VEHICULES ROULIER < 1,5 T",vehicules roulier 1 5 t,T02,T02,true,official_nomenclature,REDEVANCES_PORTUAIRES_2006.pdf,2.3.1,15,2.3.1:p15; 2.3.2:p23; 2.3.3:p26,injectable,
"VEHICULES ROULIER > 2,5 T",vehicules roulier 2 5 t,T02,T02,true,official_nomenclature,REDEVANCES_PORTUAIRES_2006.pdf,2.3.1,15,2.3.1:p15; 2.3.2:p23; 2.3.3:p26,injectable,
"VERNIS, DILUANT, SOLVANT, COLORANT",vernis diluant solvant colorant,T02,T02,true,official_nomenclature,REDEVANCES_PORTUAIRES_2006.pdf,2.3.1,14,2.3.1:p14; 2.3.2:p23; 2.3.3:p26,injectable,
VERRE A VITRE ET AUTRE VERRE PLAT,verre a vitre et autre verre plat,T02,T02,true,official_nomenclature,REDEVANCES_PORTUAIRES_2006.pdf,2.3.1,15,2.3.1:p15; 2.3.2:p23; 2.3.3:p26,injectable,
VETEMENTS NEUFS,vetements neufs,T02,T02,true,official_nomenclature,REDEVANCES_PORTUAIRES_2006.pdf,2.3.1,16,2.3.1:p16; 2.3.2:p23; 2.3.3:p26,injectable,
VIANDE FRAICHE OU CONGELEE,viande fraiche ou congelee,T02,T02,true,official_nomenclature,REDEVANCES_PORTUAIRES_2006.pdf,2.3.1,10,2.3.1:p10; 2.3.2:p23; 2.3.3:p26,injectable,
ACIDE GRAS,acide gras,T03,T03,true,official_nomenclature,REDEVANCES_PORTUAIRES_2006.pdf,2.3.1,14,2.3.1:p14; 2.3.2:p17; 2.3.3:p26,injectable,
CONSERVE DE THON ET PICHARDS,conserve de thon et pichards,T03,T03,true,official_nomenclature,REDEVANCES_PORTUAIRES_2006.pdf,2.3.1,10,2.3.1:p10; 2.3.3:p26,injectable,
CONSERVES DE THON ET PICHARDS,conserves de thon et pichards,T03,T03,true,official_nomenclature,REDEVANCES_PORTUAIRES_2006.pdf,2.3.2,18,2.3.2:p18,injectable,
CUIRS ET PEAUX BRUTES,cuirs et peaux brutes,T03,T03,true,official_nomenclature,REDEVANCES_PORTUAIRES_2006.pdf,2.3.1,9,2.3.1:p9; 2.3.2:p19,injectable,
CUIRS ET PEAUX BRUTS,cuirs et peaux bruts,T03,T03,true,official_nomenclature,REDEVANCES_PORTUAIRES_2006.pdf,2.3.3,26,2.3.3:p26,injectable,
FARINE LACTEE,farine lactee,T03,T03,true,official_nomenclature,REDEVANCES_PORTUAIRES_2006.pdf,2.3.1,10,2.3.1:p10,injectable,
FARINES LACTEE,farines lactee,T03,T03,true,official_nomenclature,REDEVANCES_PORTUAIRES_2006.pdf,2.3.2,19,2.3.2:p19; 2.3.3:p26,injectable,
GLUCERINE BRUTE,glucerine brute,T03,T03,true,official_nomenclature,REDEVANCES_PORTUAIRES_2006.pdf,2.3.2,20,2.3.2:p20; 2.3.3:p26,injectable,
"GLUCOSE C6, H12 06 ET AUTRES",glucose c6 h12 06 et autres,T03,T03,true,official_nomenclature,REDEVANCES_PORTUAIRES_2006.pdf,2.3.1,10,2.3.1:p10; 2.3.2:p20; 2.3.3:p26,injectable,
GLYCERINE BRUTE,glycerine brute,T03,T03,true,official_nomenclature,REDEVANCES_PORTUAIRES_2006.pdf,2.3.1,14,2.3.1:p14,injectable,
HUILES BRUTES VEGETALES OU ANIMALES POUR LA SAVONNERIE,huiles brutes vegetales ou animales pour la savonnerie,T03,T03,true,official_nomenclature,REDEVANCES_PORTUAIRES_2006.pdf,2.3.1,9,2.3.1:p9,injectable,
HUILES BRUTES VEGETALES OU ANIMALES POUR LA SAVONNERIRE,huiles brutes vegetales ou animales pour la savonnerire,T03,T03,true,official_nomenclature,REDEVANCES_PORTUAIRES_2006.pdf,2.3.2,20,2.3.2:p20; 2.3.3:p26,injectable,
HUILES COMESTIBLES EN VRAC NDA,huiles comestibles en vrac nda,T03,T03,true,official_nomenclature,REDEVANCES_PORTUAIRES_2006.pdf,2.3.1,11,2.3.1:p11; 2.3.2:p20; 2.3.3:p26,injectable,
MATIERE PLASTIQUE BRUTE NDA,matiere plastique brute nda,T03,T03,true,official_nomenclature,REDEVANCES_PORTUAIRES_2006.pdf,2.3.1,14,2.3.1:p14,injectable,
MATIERES PLASTIQUES BRUTES NDA,matieres plastiques brutes nda,T03,T03,true,official_nomenclature,REDEVANCES_PORTUAIRES_2006.pdf,2.3.2,21,2.3.2:p21; 2.3.3:p26,injectable,
PRODUITS BRUTS D'ORIGINE ANIMALE ET VEGETALE NDA,produits bruts d origine animale et vegetale nda,T03,T03,true,official_nomenclature,REDEVANCES_PORTUAIRES_2006.pdf,2.3.2,22,2.3.2:p22; 2.3.3:p26,injectable,
PRODUITS BRUTS D'ORIGINE VEGETAL ET VEGETALE NDA,produits bruts d origine vegetal et vegetale nda,T03,T03,true,official_nomenclature,REDEVANCES_PORTUAIRES_2006.pdf,2.3.1,9,2.3.1:p9,injectable,
SOUDE CAUSTIQUE,soude caustique,T03,T03,true,official_nomenclature,REDEVANCES_PORTUAIRES_2006.pdf,2.3.1,14,2.3.1:p14; 2.3.2:p22; 2.3.3:p26,injectable,
SOUFFRE NDA,souffre nda,T03,T03,true,official_nomenclature,REDEVANCES_PORTUAIRES_2006.pdf,2.3.1,12,2.3.1:p12,injectable,
SOUFRE NDA,soufre nda,T03,T03,true,official_nomenclature,REDEVANCES_PORTUAIRES_2006.pdf,2.3.2,22,2.3.2:p22; 2.3.3:p26,injectable,
SUCRE BRUT ET GRANULE DE SUCRE,sucre brut et granule de sucre,T03,T03,true,official_nomenclature,REDEVANCES_PORTUAIRES_2006.pdf,2.3.1,10,2.3.1:p10; 2.3.2:p22; 2.3.3:p26,injectable,
SUCRE RAFFINE EN MORCEUAX OU EN POUDRE,sucre raffine en morceuax ou en poudre,T03,T03,true,official_nomenclature,REDEVANCES_PORTUAIRES_2006.pdf,2.3.1,10,2.3.1:p10; 2.3.2:p22; 2.3.3:p26,injectable,
SUIF,suif,T03,T03,true,official_nomenclature,REDEVANCES_PORTUAIRES_2006.pdf,2.3.1,9,2.3.1:p9; 2.3.2:p22; 2.3.3:p26,injectable,
TALL- OIL,tall oil,T03,T03,true,official_nomenclature,REDEVANCES_PORTUAIRES_2006.pdf,2.3.1,14,2.3.1:p14; 2.3.2:p23; 2.3.3:p26,injectable,
"BOIS DEBITES, SCIAGES, TRAVERSES",bois debites sciages traverses,T04,T04,true,official_nomenclature,REDEVANCES_PORTUAIRES_2006.pdf,2.3.1,9,2.3.1:p9; 2.3.2:p18; 2.3.3:p27,injectable,
BOIS EN GRUMES,bois en grumes,T04,T04,true,official_nomenclature,REDEVANCES_PORTUAIRES_2006.pdf,2.3.1,9,2.3.1:p9; 2.3.2:p18; 2.3.3:p27,injectable,
"BOIS TRAVAILLES, CONTRE PLAQUES, PLAQUAGES",bois travailles contre plaques plaquages,T04,T04,true,official_nomenclature,REDEVANCES_PORTUAIRES_2006.pdf,2.3.1,9,2.3.1:p9; 2.3.2:p18; 2.3.3:p27,injectable,
BOISSONS NON ALCOOLISEES,boissons non alcoolisees,T04,T04,true,official_nomenclature,REDEVANCES_PORTUAIRES_2006.pdf,2.3.2,18,2.3.2:p18; 2.3.3:p27,injectable,
BOISSONS NON ALCOOLISEES NDA,boissons non alcoolisees nda,T04,T04,true,official_nomenclature,REDEVANCES_PORTUAIRES_2006.pdf,2.3.1,10,2.3.1:p10,injectable,
"CONFISERIE, BONBONS ET SUCRERIES NDA",confiserie bonbons et sucreries nda,T04,T04,true,official_nomenclature,REDEVANCES_PORTUAIRES_2006.pdf,2.3.1,10,2.3.1:p10; 2.3.2:p18; 2.3.3:p27,injectable,
EAU MINERALE ET NATURELLE,eau minerale et naturelle,T04,T04,true,official_nomenclature,REDEVANCES_PORTUAIRES_2006.pdf,2.3.1,10,2.3.1:p10; 2.3.2:p19; 2.3.3:p27,injectable,
ENGRAIS NATURELS,engrais naturels,T04,T04,true,official_nomenclature,REDEVANCES_PORTUAIRES_2006.pdf,2.3.1,13,2.3.1:p13; 2.3.2:p19; 2.3.3:p27,injectable,
ENGRAIS NDA,engrais nda,T04,T04,true,official_nomenclature,REDEVANCES_PORTUAIRES_2006.pdf,2.3.1,13,2.3.1:p13; 2.3.2:p19; 2.3.3:p27,injectable,
FRIPPERIES ET VETEMENTS USAGERS,fripperies et vetements usagers,T04,T04,true,official_nomenclature,REDEVANCES_PORTUAIRES_2006.pdf,2.3.1,16,2.3.1:p16; 2.3.2:p19; 2.3.3:p27,injectable,
GLACES ET SOBRETS,glaces et sobrets,T04,T04,true,official_nomenclature,REDEVANCES_PORTUAIRES_2006.pdf,2.3.1,10,2.3.1:p10; 2.3.2:p20,injectable,
GLACES ET SORBETS,glaces et sorbets,T04,T04,true,official_nomenclature,REDEVANCES_PORTUAIRES_2006.pdf,2.3.3,27,2.3.3:p27,injectable,
"JUS DE FRUIT, CONCENTRE DE JUS",jus de fruit concentre de jus,T04,T04,true,official_nomenclature,REDEVANCES_PORTUAIRES_2006.pdf,2.3.1,10,2.3.1:p10; 2.3.2:p20; 2.3.3:p27,injectable,
JUS DE FRUIT ET NATURELLE,jus de fruit et naturelle,T04,T04,true,official_nomenclature,REDEVANCES_PORTUAIRES_2006.pdf,2.3.2,20,2.3.2:p20; 2.3.3:p27,injectable,
LAIT EN POUDRE,lait en poudre,T04,T04,true,official_nomenclature,REDEVANCES_PORTUAIRES_2006.pdf,2.3.1,10,2.3.1:p10; 2.3.2:p20; 2.3.3:p27,injectable,
MIEL,miel,T04,T04,true,official_nomenclature,REDEVANCES_PORTUAIRES_2006.pdf,2.3.1,10,2.3.1:p10; 2.3.2:p21; 2.3.3:p27,injectable,
OIGNONS COMESTIBLES,oignons comestibles,T04,T04,true,official_nomenclature,REDEVANCES_PORTUAIRES_2006.pdf,2.3.1,9,2.3.1:p9; 2.3.2:p21; 2.3.3:p27,injectable,
POISSONS SALES SECHES,poissons sales seches,T04,T04,true,official_nomenclature,REDEVANCES_PORTUAIRES_2006.pdf,2.3.1,10,2.3.1:p10; 2.3.2:p22; 2.3.3:p27,injectable,
POMME DE TERRE ET SEMENCE DE POMME DE TERRE,pomme de terre et semence de pomme de terre,T04,T04,true,official_nomenclature,REDEVANCES_PORTUAIRES_2006.pdf,2.3.2,22,2.3.2:p22; 2.3.3:p27,injectable,
POMME DE TERRE ET SEMENCES DE POMME DE TERRE,pomme de terre et semences de pomme de terre,T04,T04,true,official_nomenclature,REDEVANCES_PORTUAIRES_2006.pdf,2.3.1,9,2.3.1:p9,injectable,
"PORDUITS PHARMACEUTIQUES, MEDICAMENTS",porduits pharmaceutiques medicaments,T04,T04,true,official_nomenclature,REDEVANCES_PORTUAIRES_2006.pdf,2.3.1,14,2.3.1:p14; 2.3.2:p22; 2.3.3:p27,injectable,
POTASSE NDA,potasse nda,T04,T04,true,official_nomenclature,REDEVANCES_PORTUAIRES_2006.pdf,2.3.1,13,2.3.1:p13; 2.3.2:p22; 2.3.3:p27,injectable,
ACIDE PHOSPHORIQUE ICS,acide phosphorique ics,T05,T05,true,official_nomenclature,REDEVANCES_PORTUAIRES_2006.pdf,2.3.1,14,2.3.1:p14; 2.3.2:p17; 2.3.3:p27,injectable,
BLE (WHEAT ANGLAIS),ble wheat anglais,T05,T05,true,official_nomenclature,REDEVANCES_PORTUAIRES_2006.pdf,2.3.1,9,2.3.1:p9; 2.3.2:p18; 2.3.3:p27,injectable,
CÉRÉALES NDA,cereales nda,T05,T05,true,official_nomenclature,REDEVANCES_PORTUAIRES_2006.pdf,2.3.1,9,2.3.1:p9; 2.3.2:p18; 2.3.3:p27,injectable,
CIMENT,ciment,T05,T05,true,official_nomenclature,REDEVANCES_PORTUAIRES_2006.pdf,2.3.1,13,2.3.1:p13; 2.3.2:p18; 2.3.3:p27,injectable,
ENGRAIS ICS,engrais ics,T05,T05,true,official_nomenclature,REDEVANCES_PORTUAIRES_2006.pdf,2.3.1,13,2.3.1:p13; 2.3.2:p19; 2.3.3:p27,injectable,
"HOUBLON, GRUAUX, MALT",houblon gruaux malt,T05,T05,true,official_nomenclature,REDEVANCES_PORTUAIRES_2006.pdf,2.3.1,11,2.3.1:p11; 2.3.2:p20; 2.3.3:p27,injectable,
MAIS ET FARINE DE MAIS,mais et farine de mais,T05,T05,true,official_nomenclature,REDEVANCES_PORTUAIRES_2006.pdf,2.3.1,9,2.3.1:p9; 2.3.2:p20; 2.3.3:p27,injectable,
"MIL, SORGO",mil sorgo,T05,T05,true,official_nomenclature,REDEVANCES_PORTUAIRES_2006.pdf,2.3.1,9,2.3.1:p9; 2.3.2:p21; 2.3.3:p27,injectable,
PLATRE EN SAC,platre en sac,T05,T05,true,official_nomenclature,REDEVANCES_PORTUAIRES_2006.pdf,2.3.1,13,2.3.1:p13; 2.3.2:p21; 2.3.3:p27,injectable,
POTASSE ICS,potasse ics,T05,T05,true,official_nomenclature,REDEVANCES_PORTUAIRES_2006.pdf,2.3.1,13,2.3.1:p13; 2.3.2:p22; 2.3.3:p27,injectable,
PRODUITS ICS NDA,produits ics nda,T05,T05,true,official_nomenclature,REDEVANCES_PORTUAIRES_2006.pdf,2.3.1,13,2.3.1:p13; 2.3.2:p22; 2.3.3:p27,injectable,
RIZ,riz,T05,T05,true,official_nomenclature,REDEVANCES_PORTUAIRES_2006.pdf,2.3.1,9,2.3.1:p9; 2.3.2:p22; 2.3.3:p27,injectable,
SOUFFRE ICS,souffre ics,T05,T05,true,official_nomenclature,REDEVANCES_PORTUAIRES_2006.pdf,2.3.1,12,2.3.1:p12,injectable,
SOUFRE ICS,soufre ics,T05,T05,true,official_nomenclature,REDEVANCES_PORTUAIRES_2006.pdf,2.3.2,22,2.3.2:p22; 2.3.3:p27,injectable,
AMONIAC,amoniac,T06,T06,true,official_nomenclature,REDEVANCES_PORTUAIRES_2006.pdf,2.3.1,14,2.3.1:p14; 2.3.2:p17; 2.3.3:p27,injectable,
BUTANE EN VRAC,butane en vrac,T06,T06,true,official_nomenclature,REDEVANCES_PORTUAIRES_2006.pdf,2.3.1,11,2.3.1:p11; 2.3.2:p18; 2.3.3:p27,injectable,
DIESEL OIL,diesel oil,T06,T06,true,official_nomenclature,REDEVANCES_PORTUAIRES_2006.pdf,2.3.1,11,2.3.1:p11; 2.3.2:p19; 2.3.3:p27,injectable,
FUEL OIL,fuel oil,T06,T06,true,official_nomenclature,REDEVANCES_PORTUAIRES_2006.pdf,2.3.1,11,2.3.1:p11; 2.3.2:p19; 2.3.3:p27,injectable,
GASOIL,gasoil,T06,T06,true,official_nomenclature,REDEVANCES_PORTUAIRES_2006.pdf,2.3.1,11,2.3.1:p11; 2.3.2:p20; 2.3.3:p27,injectable,
PHOSPHATES D'ALLUMINE,phosphates d allumine,T06,T06,true,official_nomenclature,REDEVANCES_PORTUAIRES_2006.pdf,2.3.2,21,2.3.2:p21; 2.3.3:p27,injectable,
PHOSPHATES D'ALUMINE,phosphates d alumine,T06,T06,true,official_nomenclature,REDEVANCES_PORTUAIRES_2006.pdf,2.3.1,13,2.3.1:p13,injectable,
PHOSPHATES DE CALCIUM,phosphates de calcium,T06,T06,true,official_nomenclature,REDEVANCES_PORTUAIRES_2006.pdf,2.3.1,13,2.3.1:p13; 2.3.2:p21; 2.3.3:p27,injectable,
"ALIMENT DE BETAIL, SON ET TOURTERAUX NDA",aliment de betail son et tourteraux nda,T07,T07,true,official_nomenclature,REDEVANCES_PORTUAIRES_2006.pdf,2.3.1,11,2.3.1:p11; 2.3.2:p17; 2.3.3:p28,injectable,
AMIANTE,amiante,T07,T07,true,official_nomenclature,REDEVANCES_PORTUAIRES_2006.pdf,2.3.1,13,2.3.1:p13; 2.3.2:p17; 2.3.3:p28,injectable,
ARACHIDES DECORTIQUEES,arachides decortiquees,T07,T07,true,official_nomenclature,REDEVANCES_PORTUAIRES_2006.pdf,2.3.1,11,2.3.1:p11; 2.3.2:p17; 2.3.3:p28,injectable,
ARGILE ET CRAIE EN POUDRE,argile et craie en poudre,T07,T07,true,official_nomenclature,REDEVANCES_PORTUAIRES_2006.pdf,2.3.1,12,2.3.1:p12; 2.3.2:p17; 2.3.3:p28,injectable,
AUTRES MATIERES TEXTILES NDA,autres matieres textiles nda,T07,T07,true,official_nomenclature,REDEVANCES_PORTUAIRES_2006.pdf,2.3.1,9,2.3.1:p9; 2.3.2:p17; 2.3.3:p28,injectable,
CHARBON,charbon,T07,T07,true,official_nomenclature,REDEVANCES_PORTUAIRES_2006.pdf,2.3.2,18,2.3.2:p18; 2.3.3:p28,injectable,
CHARBON DE TERRE,charbon de terre,T07,T07,true,official_nomenclature,REDEVANCES_PORTUAIRES_2006.pdf,2.3.1,11,2.3.1:p11,injectable,
CHAUX ETEINTE,chaux eteinte,T07,T07,true,official_nomenclature,REDEVANCES_PORTUAIRES_2006.pdf,2.3.1,13,2.3.1:p13; 2.3.2:p18; 2.3.3:p28,injectable,
CHIFFONS ET DECHETS DE TEXTILES,chiffons et dechets de textiles,T07,T07,true,official_nomenclature,REDEVANCES_PORTUAIRES_2006.pdf,2.3.1,9,2.3.1:p9; 2.3.2:p18; 2.3.3:p28,injectable,
CLINKER,clinker,T07,T07,true,official_nomenclature,REDEVANCES_PORTUAIRES_2006.pdf,2.3.1,13,2.3.1:p13; 2.3.2:p18; 2.3.3:p28,injectable,
COKE,coke,T07,T07,true,official_nomenclature,REDEVANCES_PORTUAIRES_2006.pdf,2.3.1,11,2.3.1:p11; 2.3.2:p18; 2.3.3:p28,injectable,
COTON EGRENE EN BALLE OU BIG BAG,coton egrene en balle ou big bag,T07,T07,true,official_nomenclature,REDEVANCES_PORTUAIRES_2006.pdf,2.3.1,9,2.3.1:p9; 2.3.2:p19; 2.3.3:p28,injectable,
FARINE DE BLE,farine de ble,T07,T07,true,official_nomenclature,REDEVANCES_PORTUAIRES_2006.pdf,2.3.1,11,2.3.1:p11; 2.3.2:p19; 2.3.3:p28,injectable,
FARINE DE POISSON,farine de poisson,T07,T07,true,official_nomenclature,REDEVANCES_PORTUAIRES_2006.pdf,2.3.1,11,2.3.1:p11; 2.3.2:p19; 2.3.3:p28,injectable,
GRAINES DE TOURNESOL ET GRAINES OLEAGINEUX NDA,graines de tournesol et graines oleagineux nda,T07,T07,true,official_nomenclature,REDEVANCES_PORTUAIRES_2006.pdf,2.3.1,11,2.3.1:p11; 2.3.2:p20; 2.3.3:p28,injectable,
GRAINES ET SEMENCES NDA (sauf semences de pom.de terres),graines et semences nda sauf semences de pom de terres,T07,T07,true,official_nomenclature,REDEVANCES_PORTUAIRES_2006.pdf,2.3.2,20,2.3.2:p20,injectable,
GRAINES ET SEMENCES NDA (sauf semences de pomme de terres),graines et semences nda sauf semences de pomme de terres,T07,T07,true,official_nomenclature,REDEVANCES_PORTUAIRES_2006.pdf,2.3.3,28,2.3.3:p28,injectable,
GRAINES ET SEMENCES NDA (sauf semences de pommes de terres),graines et semences nda sauf semences de pommes de terres,T07,T07,true,official_nomenclature,REDEVANCES_PORTUAIRES_2006.pdf,2.3.1,9,2.3.1:p9,injectable,
GYPSE,gypse,T07,T07,true,official_nomenclature,REDEVANCES_PORTUAIRES_2006.pdf,2.3.1,13,2.3.1:p13; 2.3.2:p20; 2.3.3:p28,injectable,
MELASSE DE CANNE,melasse de canne,T07,T07,true,official_nomenclature,REDEVANCES_PORTUAIRES_2006.pdf,2.3.1,10,2.3.1:p10; 2.3.2:p21; 2.3.3:p28,injectable,
MINERAIS BRUTS,minerais bruts,T07,T07,true,official_nomenclature,REDEVANCES_PORTUAIRES_2006.pdf,2.3.1,12,2.3.1:p12; 2.3.2:p21; 2.3.3:p28,injectable,
"SABLE, PIERRES DE CONSTRUCTION",sable pierres de construction,T07,T07,true,official_nomenclature,REDEVANCES_PORTUAIRES_2006.pdf,2.3.1,12,2.3.1:p12; 2.3.2:p22,injectable,
"SABLE, PIERRES DE CONSTRUCTIONS",sable pierres de constructions,T07,T07,true,official_nomenclature,REDEVANCES_PORTUAIRES_2006.pdf,2.3.3,28,2.3.3:p28,injectable,
SEMOULE ET AUTRES FARINE DE CERALES NDA,semoule et autres farine de cerales nda,T07,T07,true,official_nomenclature,REDEVANCES_PORTUAIRES_2006.pdf,2.3.1,11,2.3.1:p11; 2.3.3:p28,injectable,
SEMOULE ET AUTRES FARINES DE CERALES NDA,semoule et autres farines de cerales nda,T07,T07,true,official_nomenclature,REDEVANCES_PORTUAIRES_2006.pdf,2.3.2,22,2.3.2:p22,injectable,
TERRES REFRACRTAIRE,terres refracrtaire,T07,T07,true,official_nomenclature,REDEVANCES_PORTUAIRES_2006.pdf,2.3.3,28,2.3.3:p28,injectable,
TERRES REFRACRTAIRES,terres refracrtaires,T07,T07,true,official_nomenclature,REDEVANCES_PORTUAIRES_2006.pdf,2.3.1,13,2.3.1:p13; 2.3.2:p23,injectable,
ATTAPULGITE,attapulgite,T08,T08,true,official_nomenclature,REDEVANCES_PORTUAIRES_2006.pdf,2.3.1,12,2.3.1:p12; 2.3.2:p17; 2.3.3:p28,injectable,
CELLULOSE ET PATE A PAPIER,cellulose et pate a papier,T08,T08,true,official_nomenclature,REDEVANCES_PORTUAIRES_2006.pdf,2.3.1,14,2.3.1:p14; 2.3.2:p18; 2.3.3:p28,injectable,
DECHET DE PAPIER ET VIEUX JOURNAUX,dechet de papier et vieux journaux,T08,T08,true,official_nomenclature,REDEVANCES_PORTUAIRES_2006.pdf,2.3.1,14,2.3.1:p14; 2.3.2:p19; 2.3.3:p28,injectable,
FERAILLES HORS USAGE,ferailles hors usage,T08,T08,true,official_nomenclature,REDEVANCES_PORTUAIRES_2006.pdf,2.3.1,12,2.3.1:p12; 2.3.2:p19; 2.3.3:p28,injectable,
PHOSPHATES NDA,phosphates nda,T08,T08,true,official_nomenclature,REDEVANCES_PORTUAIRES_2006.pdf,2.3.1,13,2.3.1:p13; 2.3.2:p21; 2.3.3:p28,injectable,
PHOSPHATES ORIGINE LOCALE NDA,phosphates origine locale nda,T08,T08,true,official_nomenclature,REDEVANCES_PORTUAIRES_2006.pdf,2.3.1,13,2.3.1:p13; 2.3.2:p21; 2.3.3:p28,injectable,
TOURTEREAUX D'ARACHIDE,tourtereaux d arachide,T08,T08,true,official_nomenclature,REDEVANCES_PORTUAIRES_2006.pdf,2.3.1,11,2.3.1:p11; 2.3.2:p23; 2.3.3:p28,injectable,
"AVION, HELICOPTERE, EMBARCATION",avion helicoptere embarcation,T09,T09,true,official_nomenclature,REDEVANCES_PORTUAIRES_2006.pdf,2.3.1,15,2.3.1:p15; 2.3.2:p17; 2.3.3:p28,injectable,
MATERIEL DE CHANTIER,materiel de chantier,T09,T09,true,official_nomenclature,REDEVANCES_PORTUAIRES_2006.pdf,2.3.1,16,2.3.1:p16; 2.3.2:p20; 2.3.3:p28,injectable,
TRACTEURS AGRICOLES,tracteurs agricoles,T09,T09,true,official_nomenclature,REDEVANCES_PORTUAIRES_2006.pdf,2.3.1,15,2.3.1:p15; 2.3.2:p23; 2.3.3:p28,injectable,
VEHICULE ET MATERIEL DE TRANSPORT NDA,vehicule et materiel de transport nda,T09,T09,true,official_nomenclature,REDEVANCES_PORTUAIRES_2006.pdf,2.3.1,15,2.3.1:p15; 2.3.2:p23; 2.3.3:p28,injectable,
VEHICULES DE CHANTIER ET VEHICULES INDUSTRIELS,vehicules de chantier et vehicules industriels,T09,T09,true,official_nomenclature,REDEVANCES_PORTUAIRES_2006.pdf,2.3.1,15,2.3.1:p15; 2.3.2:p23; 2.3.3:p28,injectable,
"VEHICULES ROULIER DE 1,5 A 2,5 T",vehicules roulier de 1 5 a 2 5 t,T09,T09,true,official_nomenclature,REDEVANCES_PORTUAIRES_2006.pdf,2.3.1,15,2.3.1:p15,injectable,
"VEHICULES ROUTIER DE 1,5 A 2,5 T",vehicules routier de 1 5 a 2 5 t,T09,T09,true,official_nomenclature,REDEVANCES_PORTUAIRES_2006.pdf,2.3.2,23,2.3.2:p23; 2.3.3:p28,injectable,
SEL DE PRODUCTION LOCALE,sel de production locale,T10,T10,true,official_nomenclature,REDEVANCES_PORTUAIRES_2006.pdf,2.3.1,12,2.3.1:p12; 2.3.2:p22; 2.3.3:p28,injectable,
BASE PARFUM,base parfum,T11,T11,true,official_nomenclature,REDEVANCES_PORTUAIRES_2006.pdf,2.3.1,14,2.3.1:p14; 2.3.2:p17; 2.3.3:p29,injectable,
"BITUMES EN FUITS, EN SAC",bitumes en fuits en sac,T11,T11,true,official_nomenclature,REDEVANCES_PORTUAIRES_2006.pdf,2.3.1,12,2.3.1:p12; 2.3.3:p29,injectable,
"BITUMES EN FUTS, EN SAC",bitumes en futs en sac,T11,T11,true,official_nomenclature,REDEVANCES_PORTUAIRES_2006.pdf,2.3.2,18,2.3.2:p18,injectable,
BITUMES EN VRAC,bitumes en vrac,T11,T11,true,official_nomenclature,REDEVANCES_PORTUAIRES_2006.pdf,2.3.1,12,2.3.1:p12; 2.3.2:p18; 2.3.3:p29,injectable,
DECHETS NON FERREUX,dechets non ferreux,T11,T11,true,official_nomenclature,REDEVANCES_PORTUAIRES_2006.pdf,2.3.1,12,2.3.1:p12; 2.3.2:p19; 2.3.3:p29,injectable,
ESSENCE AUTO,essence auto,T11,T11,true,official_nomenclature,REDEVANCES_PORTUAIRES_2006.pdf,2.3.1,11,2.3.1:p11; 2.3.2:p19; 2.3.3:p29,injectable,
ESSENCE AVION,essence avion,T11,T11,true,official_nomenclature,REDEVANCES_PORTUAIRES_2006.pdf,2.3.1,11,2.3.1:p11; 2.3.2:p19; 2.3.3:p29,injectable,
HYDROCARBURES RAFFINEES NDA,hydrocarbures raffinees nda,T11,T11,true,official_nomenclature,REDEVANCES_PORTUAIRES_2006.pdf,2.3.1,11,2.3.1:p11; 2.3.2:p20; 2.3.3:p29,injectable,
PETROLE BRUT,petrole brut,T11,T11,true,official_nomenclature,REDEVANCES_PORTUAIRES_2006.pdf,2.3.1,11,2.3.1:p11; 2.3.2:p21; 2.3.3:p29,injectable,
PETROLE LAMPANT,petrole lampant,T11,T11,true,official_nomenclature,REDEVANCES_PORTUAIRES_2006.pdf,2.3.1,11,2.3.1:p11; 2.3.2:p21; 2.3.3:p29,injectable,
PRODUITS ENERGITIQUES GAZEUX NDA,produits energitiques gazeux nda,T11,T11,true,official_nomenclature,REDEVANCES_PORTUAIRES_2006.pdf,2.3.2,22,2.3.2:p22; 2.3.3:p29,injectable,
PRODUITS NERGITIQUES GAZEUX NDA,produits nergitiques gazeux nda,T11,T11,true,official_nomenclature,REDEVANCES_PORTUAIRES_2006.pdf,2.3.1,11,2.3.1:p11,injectable,
ACIDE NDA,acide nda,T12,T12,true,official_nomenclature,REDEVANCES_PORTUAIRES_2006.pdf,2.3.1,14,2.3.1:p14; 2.3.2:p17; 2.3.3:p29,injectable,
ACIDE PHOSPHORIQUE NDA,acide phosphorique nda,T12,T12,true,official_nomenclature,REDEVANCES_PORTUAIRES_2006.pdf,2.3.1,14,2.3.1:p14; 2.3.2:p17; 2.3.3:p29,injectable,
ALCCOL INDUSTRIEL,alccol industriel,T12,T12,true,official_nomenclature,REDEVANCES_PORTUAIRES_2006.pdf,2.3.1,14,2.3.1:p14,injectable,
AMIDON,amidon,T12,T12,true,official_nomenclature,REDEVANCES_PORTUAIRES_2006.pdf,2.3.1,14,2.3.1:p14; 2.3.2:p17; 2.3.3:p29,injectable,
ARTICLES DE MANUFACTURES NDA,articles de manufactures nda,T12,T12,true,official_nomenclature,REDEVANCES_PORTUAIRES_2006.pdf,2.3.2,17,2.3.2:p17; 2.3.3:p29,injectable,
ARTICLES DE PUBLICITE SAUF PAPIER IMPRIME,articles de publicite sauf papier imprime,T12,T12,true,official_nomenclature,REDEVANCES_PORTUAIRES_2006.pdf,2.3.1,16,2.3.1:p16; 2.3.2:p17; 2.3.3:p29,injectable,
ARTICLES EN MATIERES PLASTIQUES NDA,articles en matieres plastiques nda,T12,T12,true,official_nomenclature,REDEVANCES_PORTUAIRES_2006.pdf,2.3.2,17,2.3.2:p17,injectable,
ARTICLES EN MATIERES PLASTIQUES NENDA,articles en matieres plastiques nenda,T12,T12,true,official_nomenclature,REDEVANCES_PORTUAIRES_2006.pdf,2.3.3,29,2.3.3:p29,injectable,
AUTRES PRODUITS MINERAUX,autres produits mineraux,T12,T12,true,official_nomenclature,REDEVANCES_PORTUAIRES_2006.pdf,2.3.2,17,2.3.2:p17; 2.3.3:p30,injectable,
AUTRES PRODUITS MINERAUX NDA,autres produits mineraux nda,T12,T12,true,official_nomenclature,REDEVANCES_PORTUAIRES_2006.pdf,2.3.1,12,2.3.1:p12,injectable,
BEURRE DE KARITE,beurre de karite,T12,T12,true,official_nomenclature,REDEVANCES_PORTUAIRES_2006.pdf,2.3.1,11,2.3.1:p11; 2.3.3:p29,injectable,
BEURRES DE KARITE,beurres de karite,T12,T12,true,official_nomenclature,REDEVANCES_PORTUAIRES_2006.pdf,2.3.2,17,2.3.2:p17,injectable,
BEURRES VEGETALES ET MARGARINES,beurres vegetales et margarines,T12,T12,true,official_nomenclature,REDEVANCES_PORTUAIRES_2006.pdf,2.3.2,17,2.3.2:p17; 2.3.3:p29,injectable,
BEURRES VEGETAUX ET MARGARINES,beurres vegetaux et margarines,T12,T12,true,official_nomenclature,REDEVANCES_PORTUAIRES_2006.pdf,2.3.1,10,2.3.1:p10,injectable,
BIJOUTERIE FANTAISIE (SANS PIERRES NI METAUX PRECIEUX),bijouterie fantaisie sans pierres ni metaux precieux,T12,T12,true,official_nomenclature,REDEVANCES_PORTUAIRES_2006.pdf,2.3.2,17,2.3.2:p17; 2.3.3:p29,injectable,
BISCUITS,biscuits,T12,T12,true,official_nomenclature,REDEVANCES_PORTUAIRES_2006.pdf,2.3.1,11,2.3.1:p11; 2.3.2:p18; 2.3.3:p29,injectable,
BLEU D'OUTRE MER,bleu d outre mer,T12,T12,true,official_nomenclature,REDEVANCES_PORTUAIRES_2006.pdf,2.3.1,14,2.3.1:p14; 2.3.2:p18; 2.3.3:p29,injectable,
BOUCHONS ET CAPSULES,bouchons et capsules,T12,T12,true,official_nomenclature,REDEVANCES_PORTUAIRES_2006.pdf,2.3.1,16,2.3.1:p16; 2.3.2:p18; 2.3.3:p29,injectable,
BRIQUES REFRACTAIRES,briques refractaires,T12,T12,true,official_nomenclature,REDEVANCES_PORTUAIRES_2006.pdf,2.3.1,13,2.3.1:p13; 2.3.2:p18; 2.3.3:p29,injectable,
CAOUTCHOUC NATUREL,caoutchouc naturel,T12,T12,true,official_nomenclature,REDEVANCES_PORTUAIRES_2006.pdf,2.3.1,9,2.3.1:p9; 2.3.2:p18; 2.3.3:p29,injectable,
CAOUTCHOUC PLAQUE OU ROULEAUX,caoutchouc plaque ou rouleaux,T12,T12,true,official_nomenclature,REDEVANCES_PORTUAIRES_2006.pdf,2.3.2,18,2.3.2:p18; 2.3.3:p29,injectable,
CAOUTCHOUC PLAQUES OU ROULEAUX,caoutchouc plaques ou rouleaux,T12,T12,true,official_nomenclature,REDEVANCES_PORTUAIRES_2006.pdf,2.3.1,16,2.3.1:p16,injectable,
CARTONNAGE EN ROULEAU OU EN PLAQUE,cartonnage en rouleau ou en plaque,T12,T12,true,official_nomenclature,REDEVANCES_PORTUAIRES_2006.pdf,2.3.1,16,2.3.1:p16,injectable,
CARTONNAGE EN ROULEAU OU NE PLAQUE,cartonnage en rouleau ou ne plaque,T12,T12,true,official_nomenclature,REDEVANCES_PORTUAIRES_2006.pdf,2.3.2,18,2.3.2:p18; 2.3.3:p29,injectable,
CHAUFFE EAU ET MATERIELS DE CHAUFFAGE,chauffe eau et materiels de chauffage,T12,T12,true,official_nomenclature,REDEVANCES_PORTUAIRES_2006.pdf,2.3.2,18,2.3.2:p18; 2.3.3:p29,injectable,
CHAUFFE EEAU ET MATERIELS DE CHAUFFAGE,chauffe eeau et materiels de chauffage,T12,T12,true,official_nomenclature,REDEVANCES_PORTUAIRES_2006.pdf,2.3.1,15,2.3.1:p15,injectable,
CHAUX VIVE,chaux vive,T12,T12,true,official_nomenclature,REDEVANCES_PORTUAIRES_2006.pdf,2.3.1,13,2.3.1:p13; 2.3.2:p18; 2.3.3:p29,injectable,
CHLORURE DE POTASSIUM,chlorure de potassium,T12,T12,true,official_nomenclature,REDEVANCES_PORTUAIRES_2006.pdf,2.3.1,13,2.3.1:p13; 2.3.2:p18; 2.3.3:p29,injectable,
"CIRE, CIRAGE",cire cirage,T12,T12,true,official_nomenclature,REDEVANCES_PORTUAIRES_2006.pdf,2.3.1,9,2.3.1:p9; 2.3.2:p18; 2.3.3:p29,injectable,
COFFRE – FORT,coffre fort,T12,T12,true,official_nomenclature,REDEVANCES_PORTUAIRES_2006.pdf,2.3.2,18,2.3.2:p18; 2.3.3:p29,injectable,
"CORDES, CORDAGES FICELLES",cordes cordages ficelles,T12,T12,true,official_nomenclature,REDEVANCES_PORTUAIRES_2006.pdf,2.3.1,16,2.3.1:p16; 2.3.2:p19; 2.3.3:p29,injectable,
CUIRS ET PEAUX TRAVAILLEES SAUF MAROQUINERIE,cuirs et peaux travaillees sauf maroquinerie,T12,T12,true,official_nomenclature,REDEVANCES_PORTUAIRES_2006.pdf,2.3.2,19,2.3.2:p19; 2.3.3:p29,injectable,
CUIRS ET PEAUX TRAVAILLES SAUF MAROQUINERIE,cuirs et peaux travailles sauf maroquinerie,T12,T12,true,official_nomenclature,REDEVANCES_PORTUAIRES_2006.pdf,2.3.1,16,2.3.1:p16,injectable,
EMBALLAGES VIDES EN CARTON,emballages vides en carton,T12,T12,true,official_nomenclature,REDEVANCES_PORTUAIRES_2006.pdf,2.3.1,16,2.3.1:p16; 2.3.2:p19; 2.3.3:p29,injectable,
FILS ET MATIERES TEXTILES NATURELLES OU ARTIFICIELLES NDA,fils et matieres textiles naturelles ou artificielles nda,T12,T12,true,official_nomenclature,REDEVANCES_PORTUAIRES_2006.pdf,2.3.1,16,2.3.1:p16; 2.3.2:p19; 2.3.3:p29,injectable,
FRUITS FRAIS NDA,fruits frais nda,T12,T12,true,official_nomenclature,REDEVANCES_PORTUAIRES_2006.pdf,2.3.1,9,2.3.1:p9; 2.3.2:p19; 2.3.3:p29,injectable,
FRUITS SECS,fruits secs,T12,T12,true,official_nomenclature,REDEVANCES_PORTUAIRES_2006.pdf,2.3.1,9,2.3.1:p9; 2.3.2:p19; 2.3.3:p29,injectable,
GOMMES VEGETAL,gommes vegetal,T12,T12,true,official_nomenclature,REDEVANCES_PORTUAIRES_2006.pdf,2.3.2,20,2.3.2:p20; 2.3.3:p29,injectable,
GOMMES VEGETALES,gommes vegetales,T12,T12,true,official_nomenclature,REDEVANCES_PORTUAIRES_2006.pdf,2.3.1,9,2.3.1:p9,injectable,
HEXANE,hexane,T12,T12,true,official_nomenclature,REDEVANCES_PORTUAIRES_2006.pdf,2.3.1,14,2.3.1:p14; 2.3.2:p20; 2.3.3:p29,injectable,
HUILES COMESTIBLES EMBALLEES NDA,huiles comestibles emballees nda,T12,T12,true,official_nomenclature,REDEVANCES_PORTUAIRES_2006.pdf,2.3.1,11,2.3.1:p11; 2.3.2:p20; 2.3.3:p29,injectable,
HUILES DE GRAISSAGE ET AUTRES HUILES INDUSTRIELLES NDA,huiles de graissage et autres huiles industrielles nda,T12,T12,true,official_nomenclature,REDEVANCES_PORTUAIRES_2006.pdf,2.3.1,12,2.3.1:p12; 2.3.2:p20,injectable,
HUILES DE GRAISSAGE ET AUTRESHUILES INDUSTRIELLES NDA,huiles de graissage et autreshuiles industrielles nda,T12,T12,true,official_nomenclature,REDEVANCES_PORTUAIRES_2006.pdf,2.3.3,29,2.3.3:p29,injectable,
"INSECTICIDES, PESTICIDES",insecticides pesticides,T12,T12,true,official_nomenclature,REDEVANCES_PORTUAIRES_2006.pdf,2.3.1,14,2.3.1:p14; 2.3.2:p20; 2.3.3:p29,injectable,
LEGUMES SECS,legumes secs,T12,T12,true,official_nomenclature,REDEVANCES_PORTUAIRES_2006.pdf,2.3.1,9,2.3.1:p9; 2.3.2:p20; 2.3.3:p29,injectable,
LEVURES,levures,T12,T12,true,official_nomenclature,REDEVANCES_PORTUAIRES_2006.pdf,2.3.1,10,2.3.1:p10; 2.3.2:p20; 2.3.3:p29,injectable,
MACHINES AGRICOLES,machines agricoles,T12,T12,true,official_nomenclature,REDEVANCES_PORTUAIRES_2006.pdf,2.3.1,15,2.3.1:p15; 2.3.2:p20; 2.3.3:p29,injectable,
MATERIAUX DE CONSTRUCTION ET CARRELAGE NDA,materiaux de construction et carrelage nda,T12,T12,true,official_nomenclature,REDEVANCES_PORTUAIRES_2006.pdf,2.3.1,13,2.3.1:p13; 2.3.2:p20; 2.3.3:p29,injectable,
"MATERIEL SANITAIRE EN FAIENCE, PORCELAINE",materiel sanitaire en faience porcelaine,T12,T12,true,official_nomenclature,REDEVANCES_PORTUAIRES_2006.pdf,2.3.1,15,2.3.1:p15; 2.3.2:p20; 2.3.3:p29,injectable,
MATIERES CHIMIQUES NDA,matieres chimiques nda,T12,T12,true,official_nomenclature,REDEVANCES_PORTUAIRES_2006.pdf,2.3.3,29,2.3.3:p29,injectable,
MATIRES CHIMIQUES NDA,matires chimiques nda,T12,T12,true,official_nomenclature,REDEVANCES_PORTUAIRES_2006.pdf,2.3.1,14,2.3.1:p14; 2.3.2:p21,injectable,
NEUTRAL SOLVANT,neutral solvant,T12,T12,true,official_nomenclature,REDEVANCES_PORTUAIRES_2006.pdf,2.3.1,14,2.3.1:p14; 2.3.2:p21; 2.3.3:p30,injectable,
PAPIER BITUME,papier bitume,T12,T12,true,official_nomenclature,REDEVANCES_PORTUAIRES_2006.pdf,2.3.1,16,2.3.1:p16; 2.3.2:p21; 2.3.3:p30,injectable,
PAPIER ET PAPIER KRAFT EN BOBINES > 1T,papier et papier kraft en bobines 1t,T12,T12,true,official_nomenclature,REDEVANCES_PORTUAIRES_2006.pdf,2.3.1,16,2.3.1:p16,injectable,
PAPIER ET PAPIER KRAFT EN BOBINNES > 1T,papier et papier kraft en bobinnes 1t,T12,T12,true,official_nomenclature,REDEVANCES_PORTUAIRES_2006.pdf,2.3.2,21,2.3.2:p21; 2.3.3:p30,injectable,
PARAFFINE,paraffine,T12,T12,true,official_nomenclature,REDEVANCES_PORTUAIRES_2006.pdf,2.3.2,21,2.3.2:p21; 2.3.3:p30,injectable,
PARAFINE,parafine,T12,T12,true,official_nomenclature,REDEVANCES_PORTUAIRES_2006.pdf,2.3.1,14,2.3.1:p14,injectable,
PRODUIT CHIMIQUE DE BASE NDA,produit chimique de base nda,T12,T12,true,official_nomenclature,REDEVANCES_PORTUAIRES_2006.pdf,2.3.1,14,2.3.1:p14; 2.3.2:p22,injectable,
PRODUITS CHIMIQUES DE BASE NDA,produits chimiques de base nda,T12,T12,true,official_nomenclature,REDEVANCES_PORTUAIRES_2006.pdf,2.3.3,30,2.3.3:p30,injectable,
QUINOUELIBA,quinoueliba,T12,T12,true,official_nomenclature,REDEVANCES_PORTUAIRES_2006.pdf,2.3.1,10,2.3.1:p10; 2.3.3:p30,injectable,
QUINQUELIBA,quinqueliba,T12,T12,true,official_nomenclature,REDEVANCES_PORTUAIRES_2006.pdf,2.3.2,22,2.3.2:p22,injectable,
"RECIPIENT VIDE EN VERRE, EN BOIS OU EN FER NDA",recipient vide en verre en bois ou en fer nda,T12,T12,true,official_nomenclature,REDEVANCES_PORTUAIRES_2006.pdf,2.3.1,16,2.3.1:p16; 2.3.2:p22; 2.3.3:p30,injectable,
RESINE SYNTHETIQUE,resine synthetique,T12,T12,true,official_nomenclature,REDEVANCES_PORTUAIRES_2006.pdf,2.3.1,14,2.3.1:p14; 2.3.2:p22; 2.3.3:p30,injectable,
REVETEMENT DE SOL (CARRELAGE) NDA,revetement de sol carrelage nda,T12,T12,true,official_nomenclature,REDEVANCES_PORTUAIRES_2006.pdf,2.3.2,22,2.3.2:p22; 2.3.3:p30,injectable,
SACS EN JUT OU EN FIBRES VEGETALES,sacs en jut ou en fibres vegetales,T12,T12,true,official_nomenclature,REDEVANCES_PORTUAIRES_2006.pdf,2.3.1,16,2.3.1:p16,injectable,
SACS EN JUTE OU EN FIBRES VEGETALES,sacs en jute ou en fibres vegetales,T12,T12,true,official_nomenclature,REDEVANCES_PORTUAIRES_2006.pdf,2.3.2,22,2.3.2:p22,injectable,
SACS EN JUTE OU EN FIBRES VEGETALS,sacs en jute ou en fibres vegetals,T12,T12,true,official_nomenclature,REDEVANCES_PORTUAIRES_2006.pdf,2.3.3,30,2.3.3:p30,injectable,
SACS EN PROPYLENE,sacs en propylene,T12,T12,true,official_nomenclature,REDEVANCES_PORTUAIRES_2006.pdf,2.3.1,16,2.3.1:p16; 2.3.2:p22; 2.3.3:p30,injectable,
SAVONS ORDINAIRES,savons ordinaires,T12,T12,true,official_nomenclature,REDEVANCES_PORTUAIRES_2006.pdf,2.3.1,14,2.3.1:p14; 2.3.2:p22; 2.3.3:p30,injectable,
SOLVESSO,solvesso,T12,T12,true,official_nomenclature,REDEVANCES_PORTUAIRES_2006.pdf,2.3.1,14,2.3.1:p14; 2.3.2:p22; 2.3.3:p30,injectable,
TALC,talc,T12,T12,true,official_nomenclature,REDEVANCES_PORTUAIRES_2006.pdf,2.3.1,12,2.3.1:p12; 2.3.2:p23; 2.3.3:p30,injectable,
"TOLES ET PRODUITS LAMINES, FIL DE FER, RAILS, PROFILES ET FER A BETON",toles et produits lamines fil de fer rails profiles et fer a beton,T12,T12,true,official_nomenclature,REDEVANCES_PORTUAIRES_2006.pdf,2.3.1,12,2.3.1:p12; 2.3.2:p23; 2.3.3:p30,injectable,
TOLUENE,toluene,T12,T12,true,official_nomenclature,REDEVANCES_PORTUAIRES_2006.pdf,2.3.1,14,2.3.1:p14; 2.3.2:p23; 2.3.3:p30,injectable,
TRANSACTIONS SPECIALES NDA,transactions speciales nda,T12,T12,true,official_nomenclature,REDEVANCES_PORTUAIRES_2006.pdf,2.3.1,16,2.3.1:p16; 2.3.2:p23; 2.3.3:p30,injectable,
"TUBES, TUYAUX ET POTEAUX METALLIQUES ET PRODUITS FERREUX NDA",tubes tuyaux et poteaux metalliques et produits ferreux nda,T12,T12,true,official_nomenclature,REDEVANCES_PORTUAIRES_2006.pdf,2.3.1,12,2.3.1:p12; 2.3.2:p23; 2.3.3:p30,injectable,
TUYEAUX EN PVC,tuyeaux en pvc,T12,T12,true,official_nomenclature,REDEVANCES_PORTUAIRES_2006.pdf,2.3.2,23,2.3.2:p23; 2.3.3:p30,injectable,
ŒUVRES ET OBJETS D'ART,uvres et objets d art,T12,T12,true,official_nomenclature,REDEVANCES_PORTUAIRES_2006.pdf,2.3.2,21,2.3.2:p21; 2.3.3:p30,injectable,
"VERRE, PRODUITS CERAMIQUES NDA",verre produits ceramiques nda,T12,T12,true,official_nomenclature,REDEVANCES_PORTUAIRES_2006.pdf,2.3.1,15,2.3.1:p15; 2.3.2:p23; 2.3.3:p30,injectable,
WHITE SPIRIT,white spirit,T12,T12,true,official_nomenclature,REDEVANCES_PORTUAIRES_2006.pdf,2.3.1,11,2.3.1:p11; 2.3.2:p23; 2.3.3:p30,injectable,
CONTENEURS DE GROUPAGE IMPORT DE DIVERSES MARCHANDISES NE CONTENANT AUCUN PRODUIT DE CAT. T01,conteneurs de groupage import de diverses marchandises ne contenant aucun produit de cat t01,T13,T13,true,official_nomenclature,REDEVANCES_PORTUAIRES_2006.pdf,2.3.3,30,2.3.3:p30,injectable,
"FIL MACHINE, BOBINE DE TOLES, FEUILLARD, FER BLANC",fil machine bobine de toles feuillard fer blanc,T14,T14,true,official_nomenclature,REDEVANCES_PORTUAIRES_2006.pdf,2.3.1,12,2.3.1:p12; 2.3.2:p19; 2.3.3:p30,injectable,
