source_document,source_page,source_section,rate_family,operation_type,cargo_type,classification,container_size_hint,amount_fcfa_per_tonne,unit,currency,cell_status,evidence_level,notes
REDEVANCES PORTUAIRES 2006,7,2.1 DROITS DE PASSAGE IMPORT/EXPORT SENEGAL,DROIT_PASSAGE,IMPORT,CONTENEUR,T01,,19239,PER_TONNE,XOF,PRESENT,OFFICIAL,
REDEVANCES PORTUAIRES 2006,7,2.1 DROITS DE PASSAGE IMPORT/EXPORT SENEGAL,DROIT_PASSAGE,IMPORT,CONVENTIONNEL,T01,,16288,PER_TONNE,XOF,PRESENT,OFFICIAL,
REDEVANCES PORTUAIRES 2006,7,2.1 DROITS DE PASSAGE IMPORT/EXPORT SENEGAL,DROIT_PASSAGE,EXPORT,CONTENEUR,T01,,19003,PER_TONNE,XOF,PRESENT,OFFICIAL,
REDEVANCES PORTUAIRES 2006,7,2.1 DROITS DE PASSAGE IMPORT/EXPORT SENEGAL,DROIT_PASSAGE,EXPORT,CONVENTIONNEL,T01,,16288,PER_TONNE,XOF,PRESENT,OFFICIAL,
REDEVANCES PORTUAIRES 2006,7,2.1 DROITS DE PASSAGE IMPORT/EXPORT SENEGAL,DROIT_PASSAGE,IMPORT,CONTENEUR,T02,,9678,PER_TONNE,XOF,PRESENT,OFFICIAL,
REDEVANCES PORTUAIRES 2006,7,2.1 DROITS DE PASSAGE IMPORT/EXPORT SENEGAL,DROIT_PASSAGE,IMPORT,CONVENTIONNEL,T02,,8144,PER_TONNE,XOF,PRESENT,OFFICIAL,
REDEVANCES PORTUAIRES 2006,7,2.1 DROITS DE PASSAGE IMPORT/EXPORT SENEGAL,DROIT_PASSAGE,EXPORT,CONTENEUR,T02,,8852,PER_TONNE,XOF,PRESENT,OFFICIAL,
REDEVANCES PORTUAIRES 2006,7,2.1 DROITS DE PASSAGE IMPORT/EXPORT SENEGAL,DROIT_PASSAGE,EXPORT,CONVENTIONNEL,T02,,7672,PER_TONNE,XOF,PRESENT,OFFICIAL,
REDEVANCES PORTUAIRES 2006,7,2.1 DROITS DE PASSAGE IMPORT/EXPORT SENEGAL,DROIT_PASSAGE,IMPORT,CONTENEUR,T03,,1416,PER_TONNE,XOF,PRESENT,OFFICIAL,
REDEVANCES PORTUAIRES 2006,7,2.1 DROITS DE PASSAGE IMPORT/EXPORT SENEGAL,DROIT_PASSAGE,IMPORT,CONVENTIONNEL,T03,,673,PER_TONNE,XOF,PRESENT,OFFICIAL,
REDEVANCES PORTUAIRES 2006,7,2.1 DROITS DE PASSAGE IMPORT/EXPORT SENEGAL,DROIT_PASSAGE,EXPORT,CONTENEUR,T03,,1062,PER_TONNE,XOF,PRESENT,OFFICIAL,
REDEVANCES PORTUAIRES 2006,7,2.1 DROITS DE PASSAGE IMPORT/EXPORT SENEGAL,DROIT_PASSAGE,EXPORT,CONVENTIONNEL,T03,,354,PER_TONNE,XOF,PRESENT,OFFICIAL,
REDEVANCES PORTUAIRES 2006,7,2.1 DROITS DE PASSAGE IMPORT/EXPORT SENEGAL,DROIT_PASSAGE,IMPORT,CONTENEUR,T04,,3069,PER_TONNE,XOF,PRESENT,OFFICIAL,
REDEVANCES PORTUAIRES 2006,7,2.1 DROITS DE PASSAGE IMPORT/EXPORT SENEGAL,DROIT_PASSAGE,IMPORT,CONVENTIONNEL,T04,,2325,PER_TONNE,XOF,PRESENT,OFFICIAL,
REDEVANCES PORTUAIRES 2006,7,2.1 DROITS DE PASSAGE IMPORT/EXPORT SENEGAL,DROIT_PASSAGE,EXPORT,CONTENEUR,T04,,3010,PER_TONNE,XOF,PRESENT,OFFICIAL,
REDEVANCES PORTUAIRES 2006,7,2.1 DROITS DE PASSAGE IMPORT/EXPORT SENEGAL,DROIT_PASSAGE,EXPORT,CONVENTIONNEL,T04,,2325,PER_TONNE,XOF,PRESENT,OFFICIAL,
REDEVANCES PORTUAIRES 2006,7,2.1 DROITS DE PASSAGE IMPORT/EXPORT SENEGAL,DROIT_PASSAGE,IMPORT,CONTENEUR,T05,,1180,PER_TONNE,XOF,PRESENT,OFFICIAL,
REDEVANCES PORTUAIRES 2006,7,2.1 DROITS DE PASSAGE IMPORT/EXPORT SENEGAL,DROIT_PASSAGE,IMPORT,CONVENTIONNEL,T05,,425,PER_TONNE,XOF,PRESENT,OFFICIAL,
REDEVANCES PORTUAIRES 2006,7,2.1 DROITS DE PASSAGE IMPORT/EXPORT SENEGAL,DROIT_PASSAGE,EXPORT,CONTENEUR,T05,,1128,PER_TONNE,XOF,PRESENT,OFFICIAL,
REDEVANCES PORTUAIRES 2006,7,2.1 DROITS DE PASSAGE IMPORT/EXPORT SENEGAL,DROIT_PASSAGE,EXPORT,CONVENTIONNEL,T05,,437,PER_TONNE,XOF,PRESENT,OFFICIAL,
REDEVANCES PORTUAIRES 2006,7,2.1 DROITS DE PASSAGE IMPORT/EXPORT SENEGAL,DROIT_PASSAGE,IMPORT,CONTENEUR,T06,,885,PER_TONNE,XOF,PRESENT,OFFICIAL,
REDEVANCES PORTUAIRES 2006,7,2.1 DROITS DE PASSAGE IMPORT/EXPORT SENEGAL,DROIT_PASSAGE,IMPORT,CONVENTIONNEL,T06,,212,PER_TONNE,XOF,PRESENT,OFFICIAL,
REDEVANCES PORTUAIRES 2006,7,2.1 DROITS DE PASSAGE IMPORT/EXPORT SENEGAL,DROIT_PASSAGE,EXPORT,CONTENEUR,T06,,873,PER_TONNE,XOF,PRESENT,OFFICIAL,
REDEVANCES PORTUAIRES 2006,7,2.1 DROITS DE PASSAGE IMPORT/EXPORT SENEGAL,DROIT_PASSAGE,EXPORT,CONVENTIONNEL,T06,,165,PER_TONNE,XOF,PRESENT,OFFICIAL,
REDEVANCES PORTUAIRES 2006,7,2.1 DROITS DE PASSAGE IMPORT/EXPORT SENEGAL,DROIT_PASSAGE,IMPORT,CONTENEUR,T07,,484,PER_TONNE,XOF,PRESENT,OFFICIAL,
REDEVANCES PORTUAIRES 2006,7,2.1 DROITS DE PASSAGE IMPORT/EXPORT SENEGAL,DROIT_PASSAGE,IMPORT,CONVENTIONNEL,T07,,408,PER_TONNE,XOF,PRESENT,OFFICIAL,
REDEVANCES PORTUAIRES 2006,7,2.1 DROITS DE PASSAGE IMPORT/EXPORT SENEGAL,DROIT_PASSAGE,EXPORT,CONTENEUR,T07,,476,PER_TONNE,XOF,PRESENT,OFFICIAL,
REDEVANCES PORTUAIRES 2006,7,2.1 DROITS DE PASSAGE IMPORT/EXPORT SENEGAL,DROIT_PASSAGE,EXPORT,CONVENTIONNEL,T07,,401,PER_TONNE,XOF,PRESENT,OFFICIAL,
REDEVANCES PORTUAIRES 2006,7,2.1 DROITS DE PASSAGE IMPORT/EXPORT SENEGAL,DROIT_PASSAGE,IMPORT,CONTENEUR,T08,,1062,PER_TONNE,XOF,PRESENT,OFFICIAL,
REDEVANCES PORTUAIRES 2006,7,2.1 DROITS DE PASSAGE IMPORT/EXPORT SENEGAL,DROIT_PASSAGE,IMPORT,CONVENTIONNEL,T08,,224,PER_TONNE,XOF,PRESENT,OFFICIAL,
REDEVANCES PORTUAIRES 2006,7,2.1 DROITS DE PASSAGE IMPORT/EXPORT SENEGAL,DROIT_PASSAGE,EXPORT,CONTENEUR,T08,,1015,PER_TONNE,XOF,PRESENT,OFFICIAL,
REDEVANCES PORTUAIRES 2006,7,2.1 DROITS DE PASSAGE IMPORT/EXPORT SENEGAL,DROIT_PASSAGE,EXPORT,CONVENTIONNEL,T08,,212,PER_TONNE,XOF,PRESENT,OFFICIAL,
REDEVANCES PORTUAIRES 2006,7,2.1 DROITS DE PASSAGE IMPORT/EXPORT SENEGAL,DROIT_PASSAGE,IMPORT,CONTENEUR,T09,,4367,PER_TONNE,XOF,PRESENT,OFFICIAL,
REDEVANCES PORTUAIRES 2006,7,2.1 DROITS DE PASSAGE IMPORT/EXPORT SENEGAL,DROIT_PASSAGE,IMPORT,CONVENTIONNEL,T09,,2715,PER_TONNE,XOF,PRESENT,OFFICIAL,
REDEVANCES PORTUAIRES 2006,7,2.1 DROITS DE PASSAGE IMPORT/EXPORT SENEGAL,DROIT_PASSAGE,EXPORT,CONTENEUR,T09,,4344,PER_TONNE,XOF,PRESENT,OFFICIAL,
REDEVANCES PORTUAIRES 2006,7,2.1 DROITS DE PASSAGE IMPORT/EXPORT SENEGAL,DROIT_PASSAGE,EXPORT,CONVENTIONNEL,T09,,2715,PER_TONNE,XOF,PRESENT,OFFICIAL,
REDEVANCES PORTUAIRES 2006,7,2.1 DROITS DE PASSAGE IMPORT/EXPORT SENEGAL,DROIT_PASSAGE,IMPORT,CONTENEUR,T10,,0,PER_TONNE,XOF,PRESENT,OFFICIAL,
REDEVANCES PORTUAIRES 2006,7,2.1 DROITS DE PASSAGE IMPORT/EXPORT SENEGAL,DROIT_PASSAGE,IMPORT,CONVENTIONNEL,T10,,0,PER_TONNE,XOF,PRESENT,OFFICIAL,
REDEVANCES PORTUAIRES 2006,7,2.1 DROITS DE PASSAGE IMPORT/EXPORT SENEGAL,DROIT_PASSAGE,EXPORT,CONTENEUR,T10,,779,PER_TONNE,XOF,PRESENT,OFFICIAL,
REDEVANCES PORTUAIRES 2006,7,2.1 DROITS DE PASSAGE IMPORT/EXPORT SENEGAL,DROIT_PASSAGE,EXPORT,CONVENTIONNEL,T10,,97,PER_TONNE,XOF,PRESENT,OFFICIAL,
REDEVANCES PORTUAIRES 2006,7,2.1 DROITS DE PASSAGE IMPORT/EXPORT SENEGAL,DROIT_PASSAGE,IMPORT,CONTENEUR,T11,,1770,PER_TONNE,XOF,PRESENT,OFFICIAL,
REDEVANCES PORTUAIRES 2006,7,2.1 DROITS DE PASSAGE IMPORT/EXPORT SENEGAL,DROIT_PASSAGE,IMPORT,CONVENTIONNEL,T11,,991,PER_TONNE,XOF,PRESENT,OFFICIAL,
REDEVANCES PORTUAIRES 2006,7,2.1 DROITS DE PASSAGE IMPORT/EXPORT SENEGAL,DROIT_PASSAGE,EXPORT,CONTENEUR,T11,,1652,PER_TONNE,XOF,PRESENT,OFFICIAL,
REDEVANCES PORTUAIRES 2006,7,2.1 DROITS DE PASSAGE IMPORT/EXPORT SENEGAL,DROIT_PASSAGE,EXPORT,CONVENTIONNEL,T11,,991,PER_TONNE,XOF,PRESENT,OFFICIAL,
REDEVANCES PORTUAIRES 2006,7,2.1 DROITS DE PASSAGE IMPORT/EXPORT SENEGAL,DROIT_PASSAGE,IMPORT,CONTENEUR,T12,,4780,PER_TONNE,XOF,PRESENT,OFFICIAL,
REDEVANCES PORTUAIRES 2006,7,2.1 DROITS DE PASSAGE IMPORT/EXPORT SENEGAL,DROIT_PASSAGE,IMPORT,CONVENTIONNEL,T12,,4072,PER_TONNE,XOF,PRESENT,OFFICIAL,
REDEVANCES PORTUAIRES 2006,7,2.1 DROITS DE PASSAGE IMPORT/EXPORT SENEGAL,DROIT_PASSAGE,EXPORT,CONTENEUR,T12,,3187,PER_TONNE,XOF,PRESENT,OFFICIAL,
REDEVANCES PORTUAIRES 2006,7,2.1 DROITS DE PASSAGE IMPORT/EXPORT SENEGAL,DROIT_PASSAGE,EXPORT,CONVENTIONNEL,T12,,2361,PER_TONNE,XOF,PRESENT,OFFICIAL,
REDEVANCES PORTUAIRES 2006,7,2.1 DROITS DE PASSAGE IMPORT/EXPORT SENEGAL,DROIT_PASSAGE,IMPORT,CONTENEUR,T13,,11803,PER_TONNE,XOF,PRESENT,OFFICIAL,
REDEVANCES PORTUAIRES 2006,7,2.1 DROITS DE PASSAGE IMPORT/EXPORT SENEGAL,DROIT_PASSAGE,IMPORT,CONVENTIONNEL,T13,,0,PER_TONNE,XOF,PRESENT,OFFICIAL,
REDEVANCES PORTUAIRES 2006,7,2.1 DROITS DE PASSAGE IMPORT/EXPORT SENEGAL,DROIT_PASSAGE,EXPORT,CONTENEUR,T13,,0,PER_TONNE,XOF,PRESENT,OFFICIAL,
REDEVANCES PORTUAIRES 2006,7,2.1 DROITS DE PASSAGE IMPORT/EXPORT SENEGAL,DROIT_PASSAGE,EXPORT,CONVENTIONNEL,T13,,,PER_TONNE,XOF,BLANK_IN_PDF,OFFICIAL,Cellule vide dans le PDF page 7 (non remplie par le PAD).
REDEVANCES PORTUAIRES 2006,7,2.1 DROITS DE PASSAGE IMPORT/EXPORT SENEGAL,DROIT_PASSAGE,IMPORT,CONTENEUR,P01,,28100,PER_TONNE,XOF,PRESENT,OFFICIAL,
REDEVANCES PORTUAIRES 2006,7,2.1 DROITS DE PASSAGE IMPORT/EXPORT SENEGAL,DROIT_PASSAGE,IMPORT,CONVENTIONNEL,P01,,27500,PER_TONNE,XOF,PRESENT,OFFICIAL,
REDEVANCES PORTUAIRES 2006,7,2.1 DROITS DE PASSAGE IMPORT/EXPORT SENEGAL,DROIT_PASSAGE,EXPORT,CONTENEUR,P01,,28000,PER_TONNE,XOF,PRESENT,OFFICIAL,
REDEVANCES PORTUAIRES 2006,7,2.1 DROITS DE PASSAGE IMPORT/EXPORT SENEGAL,DROIT_PASSAGE,EXPORT,CONVENTIONNEL,P01,,27500,PER_TONNE,XOF,PRESENT,OFFICIAL,
REDEVANCES PORTUAIRES 2006,7,2.1 DROITS DE PASSAGE IMPORT/EXPORT SENEGAL,DROIT_PASSAGE,IMPORT,CONTENEUR,P02,,2325,PER_TONNE,XOF,PRESENT,OFFICIAL,
REDEVANCES PORTUAIRES 2006,7,2.1 DROITS DE PASSAGE IMPORT/EXPORT SENEGAL,DROIT_PASSAGE,IMPORT,CONVENTIONNEL,P02,,1750,PER_TONNE,XOF,PRESENT,OFFICIAL,
REDEVANCES PORTUAIRES 2006,7,2.1 DROITS DE PASSAGE IMPORT/EXPORT SENEGAL,DROIT_PASSAGE,EXPORT,CONTENEUR,P02,,2325,PER_TONNE,XOF,PRESENT,OFFICIAL,
REDEVANCES PORTUAIRES 2006,7,2.1 DROITS DE PASSAGE IMPORT/EXPORT SENEGAL,DROIT_PASSAGE,EXPORT,CONVENTIONNEL,P02,,1750,PER_TONNE,XOF,PRESENT,OFFICIAL,
REDEVANCES PORTUAIRES 2006,7,2.1 DROITS DE PASSAGE IMPORT/EXPORT SENEGAL,DROIT_PASSAGE,IMPORT,CONTENEUR,P03,,13000,PER_TONNE,XOF,PRESENT,OFFICIAL,
REDEVANCES PORTUAIRES 2006,7,2.1 DROITS DE PASSAGE IMPORT/EXPORT SENEGAL,DROIT_PASSAGE,IMPORT,CONVENTIONNEL,P03,,12500,PER_TONNE,XOF,PRESENT,OFFICIAL,
REDEVANCES PORTUAIRES 2006,7,2.1 DROITS DE PASSAGE IMPORT/EXPORT SENEGAL,DROIT_PASSAGE,EXPORT,CONTENEUR,P03,,13000,PER_TONNE,XOF,PRESENT,OFFICIAL,
REDEVANCES PORTUAIRES 2006,7,2.1 DROITS DE PASSAGE IMPORT/EXPORT SENEGAL,DROIT_PASSAGE,EXPORT,CONVENTIONNEL,P03,,12500,PER_TONNE,XOF,PRESENT,OFFICIAL,
REDEVANCES PORTUAIRES 2006,7,2.1 DROITS DE PASSAGE IMPORT/EXPORT SENEGAL,DROIT_PASSAGE,IMPORT,CONTENEUR,P04,,1850,PER_TONNE,XOF,PRESENT,OFFICIAL,
REDEVANCES PORTUAIRES 2006,7,2.1 DROITS DE PASSAGE IMPORT/EXPORT SENEGAL,DROIT_PASSAGE,IMPORT,CONVENTIONNEL,P04,,1300,PER_TONNE,XOF,PRESENT,OFFICIAL,
REDEVANCES PORTUAIRES 2006,7,2.1 DROITS DE PASSAGE IMPORT/EXPORT SENEGAL,DROIT_PASSAGE,EXPORT,CONTENEUR,P04,,1850,PER_TONNE,XOF,PRESENT,OFFICIAL,
REDEVANCES PORTUAIRES 2006,7,2.1 DROITS DE PASSAGE IMPORT/EXPORT SENEGAL,DROIT_PASSAGE,EXPORT,CONVENTIONNEL,P04,,1300,PER_TONNE,XOF,PRESENT,OFFICIAL,
REDEVANCES PORTUAIRES 2006,7,2.1 DROITS DE PASSAGE IMPORT/EXPORT SENEGAL,DROIT_PASSAGE,IMPORT,CONTENEUR,P05,,3350,PER_TONNE,XOF,PRESENT,OFFICIAL,
REDEVANCES PORTUAIRES 2006,7,2.1 DROITS DE PASSAGE IMPORT/EXPORT SENEGAL,DROIT_PASSAGE,IMPORT,CONVENTIONNEL,P05,,2250,PER_TONNE,XOF,PRESENT,OFFICIAL,
REDEVANCES PORTUAIRES 2006,7,2.1 DROITS DE PASSAGE IMPORT/EXPORT SENEGAL,DROIT_PASSAGE,EXPORT,CONTENEUR,P05,,3350,PER_TONNE,XOF,PRESENT,OFFICIAL,
REDEVANCES PORTUAIRES 2006,7,2.1 DROITS DE PASSAGE IMPORT/EXPORT SENEGAL,DROIT_PASSAGE,EXPORT,CONVENTIONNEL,P05,,2250,PER_TONNE,XOF,PRESENT,OFFICIAL,
REDEVANCES PORTUAIRES 2006,7,2.1 DROITS DE PASSAGE IMPORT/EXPORT SENEGAL,DROIT_PASSAGE,IMPORT,CONTENEUR,T14,,4072,PER_TONNE,XOF,PRESENT,OFFICIAL,
REDEVANCES PORTUAIRES 2006,7,2.1 DROITS DE PASSAGE IMPORT/EXPORT SENEGAL,DROIT_PASSAGE,IMPORT,CONVENTIONNEL,T14,,3394,PER_TONNE,XOF,PRESENT,OFFICIAL,
REDEVANCES PORTUAIRES 2006,7,2.1 DROITS DE PASSAGE IMPORT/EXPORT SENEGAL,DROIT_PASSAGE,EXPORT,CONTENEUR,T14,,4072,PER_TONNE,XOF,PRESENT,OFFICIAL,
REDEVANCES PORTUAIRES 2006,7,2.1 DROITS DE PASSAGE IMPORT/EXPORT SENEGAL,DROIT_PASSAGE,EXPORT,CONVENTIONNEL,T14,,3394,PER_TONNE,XOF,PRESENT,OFFICIAL,
REDEVANCES PORTUAIRES 2006,8,2.1 DROITS DE PASSAGE PAYS TIERS TRANSIT/TRANSBORDEMENT,DROIT_PASSAGE,TRANSBORDEMENT,CONVENTIONNEL,T01,,5520,PER_TONNE,XOF,PRESENT,OFFICIAL,
REDEVANCES PORTUAIRES 2006,8,2.1 DROITS DE PASSAGE PAYS TIERS TRANSIT/TRANSBORDEMENT,DROIT_PASSAGE,TRANSIT_IMPORT,CONVENTIONNEL,T01,,6900,PER_TONNE,XOF,PRESENT,OFFICIAL,
REDEVANCES PORTUAIRES 2006,8,2.1 DROITS DE PASSAGE PAYS TIERS TRANSIT/TRANSBORDEMENT,DROIT_PASSAGE,TRANSIT_EXPORT,CONVENTIONNEL,T01,,6900,PER_TONNE,XOF,PRESENT,OFFICIAL,
REDEVANCES PORTUAIRES 2006,8,2.1 DROITS DE PASSAGE PAYS TIERS TRANSIT/TRANSBORDEMENT,DROIT_PASSAGE,TRANSBORDEMENT,CONVENTIONNEL,T02,,2760,PER_TONNE,XOF,PRESENT,OFFICIAL,
REDEVANCES PORTUAIRES 2006,8,2.1 DROITS DE PASSAGE PAYS TIERS TRANSIT/TRANSBORDEMENT,DROIT_PASSAGE,TRANSIT_IMPORT,CONVENTIONNEL,T02,,3450,PER_TONNE,XOF,PRESENT,OFFICIAL,
REDEVANCES PORTUAIRES 2006,8,2.1 DROITS DE PASSAGE PAYS TIERS TRANSIT/TRANSBORDEMENT,DROIT_PASSAGE,TRANSIT_EXPORT,CONVENTIONNEL,T02,,3450,PER_TONNE,XOF,PRESENT,OFFICIAL,
REDEVANCES PORTUAIRES 2006,8,2.1 DROITS DE PASSAGE PAYS TIERS TRANSIT/TRANSBORDEMENT,DROIT_PASSAGE,TRANSBORDEMENT,CONVENTIONNEL,T03,,228,PER_TONNE,XOF,PRESENT,OFFICIAL,
REDEVANCES PORTUAIRES 2006,8,2.1 DROITS DE PASSAGE PAYS TIERS TRANSIT/TRANSBORDEMENT,DROIT_PASSAGE,TRANSIT_IMPORT,CONVENTIONNEL,T03,,285,PER_TONNE,XOF,PRESENT,OFFICIAL,
REDEVANCES PORTUAIRES 2006,8,2.1 DROITS DE PASSAGE PAYS TIERS TRANSIT/TRANSBORDEMENT,DROIT_PASSAGE,TRANSIT_EXPORT,CONVENTIONNEL,T03,,150,PER_TONNE,XOF,PRESENT,OFFICIAL,
REDEVANCES PORTUAIRES 2006,8,2.1 DROITS DE PASSAGE PAYS TIERS TRANSIT/TRANSBORDEMENT,DROIT_PASSAGE,TRANSBORDEMENT,CONVENTIONNEL,T04,,788,PER_TONNE,XOF,PRESENT,OFFICIAL,
REDEVANCES PORTUAIRES 2006,8,2.1 DROITS DE PASSAGE PAYS TIERS TRANSIT/TRANSBORDEMENT,DROIT_PASSAGE,TRANSIT_IMPORT,CONVENTIONNEL,T04,,985,PER_TONNE,XOF,PRESENT,OFFICIAL,
REDEVANCES PORTUAIRES 2006,8,2.1 DROITS DE PASSAGE PAYS TIERS TRANSIT/TRANSBORDEMENT,DROIT_PASSAGE,TRANSIT_EXPORT,CONVENTIONNEL,T04,,985,PER_TONNE,XOF,PRESENT,OFFICIAL,
REDEVANCES PORTUAIRES 2006,8,2.1 DROITS DE PASSAGE PAYS TIERS TRANSIT/TRANSBORDEMENT,DROIT_PASSAGE,TRANSBORDEMENT,CONVENTIONNEL,T05,,144,PER_TONNE,XOF,PRESENT,OFFICIAL,
REDEVANCES PORTUAIRES 2006,8,2.1 DROITS DE PASSAGE PAYS TIERS TRANSIT/TRANSBORDEMENT,DROIT_PASSAGE,TRANSIT_IMPORT,CONVENTIONNEL,T05,,180,PER_TONNE,XOF,PRESENT,OFFICIAL,
REDEVANCES PORTUAIRES 2006,8,2.1 DROITS DE PASSAGE PAYS TIERS TRANSIT/TRANSBORDEMENT,DROIT_PASSAGE,TRANSIT_EXPORT,CONVENTIONNEL,T05,,185,PER_TONNE,XOF,PRESENT,OFFICIAL,
REDEVANCES PORTUAIRES 2006,8,2.1 DROITS DE PASSAGE PAYS TIERS TRANSIT/TRANSBORDEMENT,DROIT_PASSAGE,TRANSBORDEMENT,CONVENTIONNEL,T06,,72,PER_TONNE,XOF,PRESENT,OFFICIAL,
REDEVANCES PORTUAIRES 2006,8,2.1 DROITS DE PASSAGE PAYS TIERS TRANSIT/TRANSBORDEMENT,DROIT_PASSAGE,TRANSIT_IMPORT,CONVENTIONNEL,T06,,90,PER_TONNE,XOF,PRESENT,OFFICIAL,
REDEVANCES PORTUAIRES 2006,8,2.1 DROITS DE PASSAGE PAYS TIERS TRANSIT/TRANSBORDEMENT,DROIT_PASSAGE,TRANSIT_EXPORT,CONVENTIONNEL,T06,,70,PER_TONNE,XOF,PRESENT,OFFICIAL,
REDEVANCES PORTUAIRES 2006,8,2.1 DROITS DE PASSAGE PAYS TIERS TRANSIT/TRANSBORDEMENT,DROIT_PASSAGE,TRANSBORDEMENT,CONVENTIONNEL,T07,,138,PER_TONNE,XOF,PRESENT,OFFICIAL,
REDEVANCES PORTUAIRES 2006,8,2.1 DROITS DE PASSAGE PAYS TIERS TRANSIT/TRANSBORDEMENT,DROIT_PASSAGE,TRANSIT_IMPORT,CONVENTIONNEL,T07,,173,PER_TONNE,XOF,PRESENT,OFFICIAL,
REDEVANCES PORTUAIRES 2006,8,2.1 DROITS DE PASSAGE PAYS TIERS TRANSIT/TRANSBORDEMENT,DROIT_PASSAGE,TRANSIT_EXPORT,CONVENTIONNEL,T07,,170,PER_TONNE,XOF,PRESENT,OFFICIAL,
REDEVANCES PORTUAIRES 2006,8,2.1 DROITS DE PASSAGE PAYS TIERS TRANSIT/TRANSBORDEMENT,DROIT_PASSAGE,TRANSBORDEMENT,CONVENTIONNEL,T08,,76,PER_TONNE,XOF,PRESENT,OFFICIAL,
REDEVANCES PORTUAIRES 2006,8,2.1 DROITS DE PASSAGE PAYS TIERS TRANSIT/TRANSBORDEMENT,DROIT_PASSAGE,TRANSIT_IMPORT,CONVENTIONNEL,T08,,95,PER_TONNE,XOF,PRESENT,OFFICIAL,
REDEVANCES PORTUAIRES 2006,8,2.1 DROITS DE PASSAGE PAYS TIERS TRANSIT/TRANSBORDEMENT,DROIT_PASSAGE,TRANSIT_EXPORT,CONVENTIONNEL,T08,,90,PER_TONNE,XOF,PRESENT,OFFICIAL,
REDEVANCES PORTUAIRES 2006,8,2.1 DROITS DE PASSAGE PAYS TIERS TRANSIT/TRANSBORDEMENT,DROIT_PASSAGE,TRANSBORDEMENT,CONVENTIONNEL,T09,,920,PER_TONNE,XOF,PRESENT,OFFICIAL,
REDEVANCES PORTUAIRES 2006,8,2.1 DROITS DE PASSAGE PAYS TIERS TRANSIT/TRANSBORDEMENT,DROIT_PASSAGE,TRANSIT_IMPORT,CONVENTIONNEL,T09,,1150,PER_TONNE,XOF,PRESENT,OFFICIAL,
REDEVANCES PORTUAIRES 2006,8,2.1 DROITS DE PASSAGE PAYS TIERS TRANSIT/TRANSBORDEMENT,DROIT_PASSAGE,TRANSIT_EXPORT,CONVENTIONNEL,T09,,1150,PER_TONNE,XOF,PRESENT,OFFICIAL,
REDEVANCES PORTUAIRES 2006,8,2.1 DROITS DE PASSAGE PAYS TIERS TRANSIT/TRANSBORDEMENT,DROIT_PASSAGE,TRANSBORDEMENT,CONVENTIONNEL,T10,,,PER_TONNE,XOF,BLANK_IN_PDF,OFFICIAL,T10 page 8 : ligne presente dans le PDF mais cellule vide.
REDEVANCES PORTUAIRES 2006,8,2.1 DROITS DE PASSAGE PAYS TIERS TRANSIT/TRANSBORDEMENT,DROIT_PASSAGE,TRANSIT_IMPORT,CONVENTIONNEL,T10,,,PER_TONNE,XOF,BLANK_IN_PDF,OFFICIAL,T10 page 8 : ligne presente dans le PDF mais cellule vide.
REDEVANCES PORTUAIRES 2006,8,2.1 DROITS DE PASSAGE PAYS TIERS TRANSIT/TRANSBORDEMENT,DROIT_PASSAGE,TRANSIT_EXPORT,CONVENTIONNEL,T10,,,PER_TONNE,XOF,BLANK_IN_PDF,OFFICIAL,T10 page 8 : ligne presente dans le PDF mais cellule vide.
REDEVANCES PORTUAIRES 2006,8,2.1 DROITS DE PASSAGE PAYS TIERS TRANSIT/TRANSBORDEMENT,DROIT_PASSAGE,TRANSBORDEMENT,CONVENTIONNEL,T11,,336,PER_TONNE,XOF,PRESENT,OFFICIAL,
REDEVANCES PORTUAIRES 2006,8,2.1 DROITS DE PASSAGE PAYS TIERS TRANSIT/TRANSBORDEMENT,DROIT_PASSAGE,TRANSIT_IMPORT,CONVENTIONNEL,T11,,420,PER_TONNE,XOF,PRESENT,OFFICIAL,
REDEVANCES PORTUAIRES 2006,8,2.1 DROITS DE PASSAGE PAYS TIERS TRANSIT/TRANSBORDEMENT,DROIT_PASSAGE,TRANSIT_EXPORT,CONVENTIONNEL,T11,,420,PER_TONNE,XOF,PRESENT,OFFICIAL,
REDEVANCES PORTUAIRES 2006,8,2.1 DROITS DE PASSAGE PAYS TIERS TRANSIT/TRANSBORDEMENT,DROIT_PASSAGE,TRANSBORDEMENT,CONVENTIONNEL,T12,,1380,PER_TONNE,XOF,PRESENT,OFFICIAL,
REDEVANCES PORTUAIRES 2006,8,2.1 DROITS DE PASSAGE PAYS TIERS TRANSIT/TRANSBORDEMENT,DROIT_PASSAGE,TRANSIT_IMPORT,CONVENTIONNEL,T12,,1725,PER_TONNE,XOF,PRESENT,OFFICIAL,
REDEVANCES PORTUAIRES 2006,8,2.1 DROITS DE PASSAGE PAYS TIERS TRANSIT/TRANSBORDEMENT,DROIT_PASSAGE,TRANSIT_EXPORT,CONVENTIONNEL,T12,,1000,PER_TONNE,XOF,PRESENT,OFFICIAL,
REDEVANCES PORTUAIRES 2006,8,2.1 DROITS DE PASSAGE PAYS TIERS TRANSIT/TRANSBORDEMENT,DROIT_PASSAGE,TRANSBORDEMENT,CONTENEUR,C01,,9000,PER_TONNE,XOF,PRESENT,OFFICIAL,Categorie CONTENEUR. Taille non explicitement nommee dans le tableau page 8 ; voir nomenclature 2.3 pour confirmation.
REDEVANCES PORTUAIRES 2006,8,2.1 DROITS DE PASSAGE PAYS TIERS TRANSIT/TRANSBORDEMENT,DROIT_PASSAGE,TRANSIT_IMPORT,CONTENEUR,C01,,11000,PER_TONNE,XOF,PRESENT,OFFICIAL,Categorie CONTENEUR. Taille non explicitement nommee dans le tableau page 8 ; voir nomenclature 2.3 pour confirmation.
REDEVANCES PORTUAIRES 2006,8,2.1 DROITS DE PASSAGE PAYS TIERS TRANSIT/TRANSBORDEMENT,DROIT_PASSAGE,TRANSIT_EXPORT,CONTENEUR,C01,,4500,PER_TONNE,XOF,PRESENT,OFFICIAL,Categorie CONTENEUR. Taille non explicitement nommee dans le tableau page 8 ; voir nomenclature 2.3 pour confirmation.
REDEVANCES PORTUAIRES 2006,8,2.1 DROITS DE PASSAGE PAYS TIERS TRANSIT/TRANSBORDEMENT,DROIT_PASSAGE,TRANSBORDEMENT,CONTENEUR,C02,,13500,PER_TONNE,XOF,PRESENT,OFFICIAL,Categorie CONTENEUR. Taille non explicitement nommee dans le tableau page 8 ; voir nomenclature 2.3 pour confirmation.
REDEVANCES PORTUAIRES 2006,8,2.1 DROITS DE PASSAGE PAYS TIERS TRANSIT/TRANSBORDEMENT,DROIT_PASSAGE,TRANSIT_IMPORT,CONTENEUR,C02,,16500,PER_TONNE,XOF,PRESENT,OFFICIAL,Categorie CONTENEUR. Taille non explicitement nommee dans le tableau page 8 ; voir nomenclature 2.3 pour confirmation.
REDEVANCES PORTUAIRES 2006,8,2.1 DROITS DE PASSAGE PAYS TIERS TRANSIT/TRANSBORDEMENT,DROIT_PASSAGE,TRANSIT_EXPORT,CONTENEUR,C02,,6750,PER_TONNE,XOF,PRESENT,OFFICIAL,Categorie CONTENEUR. Taille non explicitement nommee dans le tableau page 8 ; voir nomenclature 2.3 pour confirmation.
REDEVANCES PORTUAIRES 2006,8,2.1 DROITS DE PASSAGE PAYS TIERS TRANSIT/TRANSBORDEMENT,DROIT_PASSAGE,TRANSBORDEMENT,CONTENEUR,C03,,4500,PER_TONNE,XOF,PRESENT,OFFICIAL,Categorie CONTENEUR. Taille non explicitement nommee dans le tableau page 8 ; voir nomenclature 2.3 pour confirmation.
REDEVANCES PORTUAIRES 2006,8,2.1 DROITS DE PASSAGE PAYS TIERS TRANSIT/TRANSBORDEMENT,DROIT_PASSAGE,TRANSIT_IMPORT,CONTENEUR,C03,,5500,PER_TONNE,XOF,PRESENT,OFFICIAL,Categorie CONTENEUR. Taille non explicitement nommee dans le tableau page 8 ; voir nomenclature 2.3 pour confirmation.
REDEVANCES PORTUAIRES 2006,8,2.1 DROITS DE PASSAGE PAYS TIERS TRANSIT/TRANSBORDEMENT,DROIT_PASSAGE,TRANSIT_EXPORT,CONTENEUR,C03,,2550,PER_TONNE,XOF,PRESENT,OFFICIAL,Categorie CONTENEUR. Taille non explicitement nommee dans le tableau page 8 ; voir nomenclature 2.3 pour confirmation.
REDEVANCES PORTUAIRES 2006,8,2.1 DROITS DE PASSAGE PAYS TIERS TRANSIT/TRANSBORDEMENT,DROIT_PASSAGE,TRANSBORDEMENT,CONVENTIONNEL,T14,,1150,PER_TONNE,XOF,PRESENT,OFFICIAL,
REDEVANCES PORTUAIRES 2006,8,2.1 DROITS DE PASSAGE PAYS TIERS TRANSIT/TRANSBORDEMENT,DROIT_PASSAGE,TRANSIT_IMPORT,CONVENTIONNEL,T14,,1438,PER_TONNE,XOF,PRESENT,OFFICIAL,
REDEVANCES PORTUAIRES 2006,8,2.1 DROITS DE PASSAGE PAYS TIERS TRANSIT/TRANSBORDEMENT,DROIT_PASSAGE,TRANSIT_EXPORT,CONVENTIONNEL,T14,,1438,PER_TONNE,XOF,PRESENT,OFFICIAL,
