raw_designation,normalized_term,pad_category,source_section,source_page,status,notes
CRUSTACES NDA,crustaces nda,P01,2.3.1,9,new,
THONIDES,thonides,P02,2.3.1,9,new,
CRABES,crabes,P03,2.3.1,9,new,
CREVETTES DE FONDS,crevettes de fonds,P03,2.3.1,9,new,
"MOLLUSQUES, ROUGETS, POISSONS PLATS",mollusques rougets poissons plats,P03,2.3.1,9,new,
"SARDINELLES, CHINCHARD, MAQUEREAU",sardinelles chinchard maquereau,P04,2.3.1,9,new,
PRODUITS DE PECHE NDA,produits de peche nda,P05,2.3.1,9,new,
APPAREILS SCIENTIFIQUES ET MATERIEL DE LABORATOIRE,appareils scientifiques et materiel de laboratoire,T01,2.3.3,23,new,
APPAREILS SCIENTIFIQUES ET MATERIELS DE LABORATOIRE,appareils scientifiques et materiels de laboratoire,T01,2.3.1,15,new,
ARMRURERIE,armrurerie,T01,2.3.1,15,new,
ARMURERIE,armurerie,T01,2.3.2,16,new,
"AUTRE TABAC, CIGARETTES, CIGARES, ET FILTRES",autre tabac cigarettes cigares et filtres,T01,2.3.1,9,new,
BIJOUTERIE SAUF BIJOUTERIE FANTAISIE,bijouterie sauf bijouterie fantaisie,T01,2.3.2,16,new,
BOISSONS ALCOOLISEES SAUF VIN <= 13°,boissons alcoolisees sauf vin 13,T01,2.3.1,9,new,
CINEMA/ FILM ET APPAREIL,cinema film et appareil,T01,2.3.2,17,new,
CONTENANT AUCUN PRODUIT DE CAT.,contenant aucun produit de cat,T01,2.3.3,29,new,
CONTENEURS DE GROUPAGE IMPORT DE DIVERSES,conteneurs de groupage import de diverses,T01,2.3.1,15,new,
"ELECTROPHONES, CHAINES HI-FI",electrophones chaines hifi,T01,2.3.1,14,new,
EXPLOISIFS,exploisifs,T01,2.3.2,20,new,
HORLOGERIE,horlogerie,T01,2.3.1,15,new,
INSTRUMENTS DE MESURE,instruments de mesure,T01,2.3.1,14,new,
INSTRUMENTS DE MUSIQUE,instruments de musique,T01,2.3.2,19,new,
MACHINE A CALCULER,machine a calculer,T01,2.3.1,15,new,
MACHINES A CALCULER,machines a calculer,T01,2.3.2,19,new,
"MAGNETOPHONES, MAGNETOSCOPES, TV",magnetophones magnetoscopes tv,T01,2.3.1,14,new,
"MAT. INFORMATIQUE, ORDINATEURS",mat informatique ordinateurs,T01,2.3.2,19,new,
MATERIEL DE PHOTOCOPIEUSE ET DE REPROGRAPHIE,materiel de photocopieuse et de reprographie,T01,2.3.1,15,new,
"MATERIEL PHOTOGRAPHIQUE, APPAREILS PHOTOS ET PELLICULES",materiel photographique appareils photos et pellicules,T01,2.3.2,19,new,
"MATERIELS INFORMATIQUES, ORDINATEURS",materiels informatiques ordinateurs,T01,2.3.1,15,new,
"MATERIELS PHOTOGRAPHIQUES, APPAREILS PHOTOS ET PELLICULES",materiels photographiques appareils photos et pellicules,T01,2.3.3,23,new,
"MOBILIERS, AMEUBLEMENT",mobiliers ameublement,T01,2.3.1,15,new,
MONNAIE ET BILLETS DE BANQUE,monnaie et billets de banque,T01,2.3.1,15,new,
MUNITIONS NDA,munitions nda,T01,2.3.1,15,new,
"MUNITIONS POUR CHASSE ET SPORT NDA, PYROTECHNIE, EXPLOISIFS",munitions pour chasse et sport nda pyrotechnie exploisifs,T01,2.3.3,23,new,
"OPTIQUE, LUNETTERIE, ARTICLES POUR FUMEURS",optique lunetterie articles pour fumeurs,T01,2.3.1,15,new,
"PERLES, PIERRES PRECIEUX",perles pierres precieux,T01,2.3.2,20,new,
RADIO EMETTEUR ET APARAILS METEO,radio emetteur et aparails meteo,T01,2.3.1,14,new,
RADIO EMETTEUR ET APPAREILS METEO,radio emetteur et appareils meteo,T01,2.3.2,21,new,
SPORT,sport,T01,2.3.1,13,conflict,"Conflit: sport → T01, T02"
TABAC EN FEUILLE (MAT 1 ére),tabac en feuille mat 1 ere,T01,2.3.1,9,new,
TABAC EN FEUILLE (MAT 1ére),tabac en feuille mat 1ere,T01,2.3.2,22,new,
TELEPHONE ET ACCESSOIRES,telephone et accessoires,T01,2.3.1,14,new,
TELEVISIONS ET ACCESSOIRES,televisions et accessoires,T01,2.3.1,14,new,
VIN ET BOISSONS ALCOOLISEES > 13°,vin et boissons alcoolisees 13,T01,2.3.3,23,new,
VINS < = 13° NDA,vins 13 nda,T01,2.3.1,9,new,
VINS ET BOISSONS ALCOOLISEES >13°,vins et boissons alcoolisees 13,T01,2.3.2,22,new,
ANIMAUX VIVANTS,animaux vivants,T02,2.3.1,8,new,
APPAREIL ELECTRO-MENAGERS ET CLIMATISEURS,appareil electromenagers et climatiseurs,T02,2.3.1,14,new,
APPAREILS ELECTRO-MENAGERS ET CLIMATISEURS,appareils electromenagers et climatiseurs,T02,2.3.2,16,new,
APPAREILS MENAGERS NON ELECTRIQUES,appareils menagers non electriques,T02,2.3.1,14,new,
ARTICLES MAT. PECHE & CHASSE,articles mat peche chasse,T02,2.3.1,15,new,
ARTICLES METALLIQUES NDA,articles metalliques nda,T02,2.3.1,14,new,
AVITAILLEMENTS HOTEL,avitaillements hotel,T02,2.3.1,9,new,
"BAGAGES, EFFETS PERSONNELS",bagages effets personnels,T02,2.3.1,15,new,
BANANES,bananes,T02,2.3.1,8,new,
BEURRE FROAMGE ET AUTRES PRODUITS LAITIERS NDA,beurre froamge et autres produits laitiers nda,T02,2.3.1,9,new,
BEURRE FROMAGE ET AUTRES PRODUITS LAITIERS NDA,beurre fromage et autres produits laitiers nda,T02,2.3.3,24,new,
BICYCLETTES ET ACCESSOIRES,bicyclettes et accessoires,T02,2.3.1,14,new,
BOISSONS ACOOLISEES SAUF < = 13°,boissons acoolisees sauf 13,T02,2.3.3,24,new,
BOISSONS ACOOLISEES SAUF < = 13° NDA,boissons acoolisees sauf 13 nda,T02,2.3.1,9,new,
BOISSONS ACOOLISEES SAUF VIN < = 13° NDA,boissons acoolisees sauf vin 13 nda,T02,2.3.2,17,new,
"BONNERIE, MERCERIE",bonnerie mercerie,T02,2.3.1,15,new,
CABLES ELECTRONIQUES,cables electroniques,T02,2.3.1,14,new,
"CACAO, CHOCOLAT, CHICOREE",cacao chocolat chicoree,T02,2.3.1,9,new,
"CAFE, NESCAFE",cafe nescafe,T02,2.3.1,9,new,
CHAUSSURES,chaussures,T02,2.3.1,15,new,
COLAS,colas,T02,2.3.1,8,new,
"CONDIMENT, EPICE, AROMES NATURELS OU ARTIFICIELS NDA",condiment epice aromes naturels ou artificiels nda,T02,2.3.1,9,new,
"CONDIMENTS, EPICE, AROMES NATURELS OU ARTIFICIELS NDA",condiments epice aromes naturels ou artificiels nda,T02,2.3.2,17,new,
CONFITURE,confiture,T02,2.3.1,9,new,
CONSERVES DE FRUITS,conserves de fruits,T02,2.3.1,10,new,
CONSERVES DE LEGUMES,conserves de legumes,T02,2.3.1,10,new,
CONSERVES DE POISSON CRUSTACES ET MOLLUSQUES NDA,conserves de poisson crustaces et mollusques nda,T02,2.3.1,9,new,
"CONSERVES DE VIANDE, ET CHARCUTERIE",conserves de viande et charcuterie,T02,2.3.1,9,new,
COUTELLERIE,coutellerie,T02,2.3.1,14,new,
"COUVERTURE, LINGERIE",couverture lingerie,T02,2.3.1,15,new,
"DROGUERIE, PRODUITS D’ENTRETIEN",droguerie produits dentretien,T02,2.3.2,18,new,
"DROGUERIES, PRODUITS D’ENTRETIEN",drogueries produits dentretien,T02,2.3.1,13,new,
EFFETS DE TOILETTE,effets de toilette,T02,2.3.2,18,new,
ELEMENTS DE CONSTRUCTION FINIS ET CONSTRUCTIONS EN METAL,elements de construction finis et constructions en metal,T02,2.3.1,14,new,
"EXTINCTEURS, BOUTEILLES DE GAZ (vides ou pleines)",extincteurs bouteilles de gaz vides ou pleines,T02,2.3.1,14,new,
LEGUMES FRAIS NDA,legumes frais nda,T02,2.3.1,8,new,
"LIVRES, JOURNAUX, IMPRIMES",livres journaux imprimes,T02,2.3.1,15,new,
MACHINES OUTILS,machines outils,T02,2.3.1,14,new,
MAROQUINERIE,maroquinerie,T02,2.3.1,15,new,
MATERIEL DE PHOTOCOPIE ET DE REPROGRAPHIE,materiel de photocopie et de reprographie,T02,2.3.2,19,new,
MATERIELS ELECTRIQUES ET APPAREIL ECLAIRAGE,materiels electriques et appareil eclairage,T02,2.3.1,14,new,
MATERIELS INDUSTRIEL NDA,materiels industriel nda,T02,2.3.3,24,new,
MATERIELS INDUSTRIELS NDA,materiels industriels nda,T02,2.3.1,14,new,
METAL,metal,T02,2.3.2,18,new,
MIROITERIE,miroiterie,T02,2.3.1,14,new,
MOTEURS ELCETRIQUES ET A EXPLOSION,moteurs elcetriques et a explosion,T02,2.3.1,14,new,
MOTOCYCLES SAUF SCOOOTER,motocycles sauf scoooter,T02,2.3.1,14,new,
"OBJET ART, COLLECTION",objet art collection,T02,2.3.2,20,new,
ORANGES,oranges,T02,2.3.1,8,new,
OUTILS A MAIN,outils a main,T02,2.3.1,14,new,
"PAPETERIE, ET MATERIELS, FOURNITURE DE BUREAU",papeterie et materiels fourniture de bureau,T02,2.3.1,15,new,
"PAPETERIRE, MATERIELS FOURNITURE DE BUREAU",papeterire materiels fourniture de bureau,T02,2.3.3,24,new,
"PAPETERIRE, MATERIELS FOURNITURES DE BUREAU",papeterire materiels fournitures de bureau,T02,2.3.2,20,new,
"PARFUMERIE, TEINTURE CAPILAIRE",parfumerie teinture capilaire,T02,2.3.2,20,new,
"PARFUMERIE, TEINTURE CAPILLAIRE",parfumerie teinture capillaire,T02,2.3.1,13,new,
PATE ET PREPARATION ALIMENTAIRES A BASE DE PATE,pate et preparation alimentaires a base de pate,T02,2.3.1,9,new,
"PEINTURE, COLORANTS INDUSTRIELS RESINE POUR PEINTURE",peinture colorants industriels resine pour peinture,T02,2.3.1,13,new,
PIECES DETACHEES DE MACHINES ET APPAREILS,pieces detachees de machines et appareils,T02,2.3.1,14,new,
PIECES DETACHEES DE VEHICULES ET DE MATERIEL DE TRANSPORT,pieces detachees de vehicules et de materiel de transport,T02,2.3.1,14,new,
PLATS CUISINES,plats cuisines,T02,2.3.1,9,new,
"PLOMBERIE, ROBINETTERIE",plomberie robinetterie,T02,2.3.1,14,new,
PNEUMATIQUES,pneumatiques,T02,2.3.1,15,new,
POMMES,pommes,T02,2.3.1,8,new,
PREPARATIONS ALIMENTAIRES NDA,preparations alimentaires nda,T02,2.3.1,9,new,
PRODUITS COSMETIQUES,produits cosmetiques,T02,2.3.1,13,new,
PRODUITS DE TOILETTE NDA,produits de toilette nda,T02,2.3.1,13,new,
PRODUITS METALLURGIQUES NON FERREUX,produits metallurgiques non ferreux,T02,2.3.1,11,new,
"QUINCAILLERIE, BOULONNERIE, VISSERIE",quincaillerie boulonnerie visserie,T02,2.3.1,15,new,
"QUINCALLERIE, BOULONNERIE, VISSERIE",quincallerie boulonnerie visserie,T02,2.3.2,21,new,
SACS ET COLIS POSTAUX,sacs et colis postaux,T02,2.3.1,15,new,
SCOOTERS,scooters,T02,2.3.1,14,new,
SEL NDA,sel nda,T02,2.3.1,11,new,
SIMILI- CUIRS,simili cuirs,T02,2.3.1,15,new,
SPORT,sport,T02,2.3.2,21,conflict,"Conflit: sport → T01, T02"
TEINTURE NDA,teinture nda,T02,2.3.1,13,new,
TEINTURES NDA,teintures nda,T02,2.3.2,22,new,
"TEXTILE, HABILLEMENT, LINGE DE MAISON NDA",textile habillement linge de maison nda,T02,2.3.1,15,new,
THE,the,T02,2.3.1,9,new,
"TISSUS, ETOFFES",tissus etoffes,T02,2.3.1,15,new,
USTENSILES DE MENAGE,ustensiles de menage,T02,2.3.1,14,new,
USTENSILS DE MENAGE,ustensils de menage,T02,2.3.2,22,new,
"VAISSELLES, VERRERIE DE TABLE",vaisselles verrerie de table,T02,2.3.1,14,new,
"VEHICULES ROULIER < 1,5 T",vehicules roulier 15 t,T02,2.3.1,14,new,
"VEHICULES ROULIER > 2,5 T",vehicules roulier 25 t,T02,2.3.1,14,new,
"VERNIS, DILUANT, SOLVANT, COLORANT",vernis diluant solvant colorant,T02,2.3.1,13,new,
VERRE A VITRE ET AUTRE VERRE PLAT,verre a vitre et autre verre plat,T02,2.3.1,14,new,
VETEMENTS NEUFS,vetements neufs,T02,2.3.1,15,new,
VIANDE FRAICHE OU CONGELEE,viande fraiche ou congelee,T02,2.3.1,9,new,
ACIDE GRAS,acide gras,T03,2.3.1,13,new,
CONSERVE DE THON ET PICHARDS,conserve de thon et pichards,T03,2.3.1,9,new,
CONSERVES DE THON ET PICHARDS,conserves de thon et pichards,T03,2.3.2,17,new,
CUIRS ET PEAUX BRUTES,cuirs et peaux brutes,T03,2.3.1,8,new,
CUIRS ET PEAUX BRUTS,cuirs et peaux bruts,T03,2.3.3,25,new,
FARINE LACTEE,farine lactee,T03,2.3.1,9,new,
FARINES LACTEE,farines lactee,T03,2.3.2,18,new,
GLUCERINE BRUTE,glucerine brute,T03,2.3.2,19,new,
"GLUCOSE C6, H12 06 ET AUTRES",glucose c6 h12 06 et autres,T03,2.3.1,9,new,
GLYCERINE BRUTE,glycerine brute,T03,2.3.1,13,new,
HUILES BRUTES VEGETALES OU ANIMALES POUR LA SAVONNERIRE,huiles brutes vegetales ou animales pour la savonnerire,T03,2.3.1,8,new,
HUILES COMESTIBLES EN VRAC NDA,huiles comestibles en vrac nda,T03,2.3.1,10,new,
MATIERE PLASTIQUE BRUTE NDA,matiere plastique brute nda,T03,2.3.1,13,new,
MATIERES PLASTIQUES BRUTES NDA,matieres plastiques brutes nda,T03,2.3.2,20,new,
PRODUITS BRUTS D’ORIGINE ANIMALE ET VEGETALE NDA,produits bruts dorigine animale et vegetale nda,T03,2.3.2,21,new,
PRODUITS BRUTS D’ORIGINE VEGETAL ET VEGETALE NDA,produits bruts dorigine vegetal et vegetale nda,T03,2.3.1,8,new,
SAVONNERIRE,savonnerire,T03,2.3.2,19,new,
SOUDE CAUSTIQUE,soude caustique,T03,2.3.1,13,new,
SOUFFRE NDA,souffre nda,T03,2.3.1,11,new,
SOUFRE NDA,soufre nda,T03,2.3.2,21,new,
SUCRE BRUT ET GRANULE DE SUCRE,sucre brut et granule de sucre,T03,2.3.1,9,new,
SUCRE RAFFINE EN MORCEUAX OU EN POUDRE,sucre raffine en morceuax ou en poudre,T03,2.3.1,9,new,
SUIF,suif,T03,2.3.1,8,new,
TALL- OIL,tall oil,T03,2.3.1,13,new,
"BOIS DEBITES, SCIAGES, TRAVERSES",bois debites sciages traverses,T04,2.3.1,8,new,
BOIS EN GRUMES,bois en grumes,T04,2.3.1,8,new,
"BOIS TRAVAILLES, CONTRE PLAQUES, PLAQUAGES",bois travailles contre plaques plaquages,T04,2.3.1,8,new,
BOISSONS NON ALCOOLISEES,boissons non alcoolisees,T04,2.3.2,17,new,
BOISSONS NON ALCOOLISEES NDA,boissons non alcoolisees nda,T04,2.3.1,9,new,
"CONFISERIE, BONBONS ET SUCRERIES NDA",confiserie bonbons et sucreries nda,T04,2.3.1,9,new,
EAU MINERALE ET NATURELLE,eau minerale et naturelle,T04,2.3.1,9,new,
ENGRAIS NATURELS,engrais naturels,T04,2.3.1,12,new,
ENGRAIS NDA,engrais nda,T04,2.3.1,12,new,
FRIPPERIES ET VETEMENTS USAGERS,fripperies et vetements usagers,T04,2.3.1,15,new,
GLACES ET SOBRETS,glaces et sobrets,T04,2.3.1,9,new,
GLACES ET SORBETS,glaces et sorbets,T04,2.3.3,26,new,
"JUS DE FRUIT, CONCENTRE DE JUS",jus de fruit concentre de jus,T04,2.3.1,9,new,
JUS DE FRUIT ET NATURELLE,jus de fruit et naturelle,T04,2.3.2,19,new,
LAIT EN POUDRE,lait en poudre,T04,2.3.1,9,new,
MIEL,miel,T04,2.3.1,9,new,
OIGNONS COMESTIBLES,oignons comestibles,T04,2.3.1,8,new,
POISSONS SALES SECHES,poissons sales seches,T04,2.3.1,9,new,
POMME DE TERRE ET SEMENCE DE POMME DE TERRE,pomme de terre et semence de pomme de terre,T04,2.3.2,21,new,
"PORDUITS PHARMACEUTIQUES, MEDICAMENTS",porduits pharmaceutiques medicaments,T04,2.3.1,13,new,
POTASSE NDA,potasse nda,T04,2.3.1,12,new,
ACIDE PHOSPHORIQUE ICS,acide phosphorique ics,T05,2.3.1,13,new,
BLE (WHEAT ANGLAIS),ble wheat anglais,T05,2.3.1,8,new,
CÉRÉALES NDA (2),cereales nda 2,T05,2.3.2,17,new,
CÉRÉALES NDA(2),cereales nda2,T05,2.3.1,8,new,
CIMENT,ciment,T05,2.3.1,12,new,
ENGRAIS ICS,engrais ics,T05,2.3.1,12,new,
"HOUBLON, GRUAUX, MALT",houblon gruaux malt,T05,2.3.1,10,new,
MAIS ET FARINE DE MAIS,mais et farine de mais,T05,2.3.1,8,new,
"MIL, SORGO",mil sorgo,T05,2.3.1,8,new,
PLATRE EN SAC,platre en sac,T05,2.3.1,12,new,
POTASSE ICS,potasse ics,T05,2.3.1,12,new,
PRODUITS ICS NDA,produits ics nda,T05,2.3.1,12,new,
RIZ,riz,T05,2.3.1,8,already_exists,Alias existant confirmé (seed Phase PAD-1)
SOUFFRE ICS,souffre ics,T05,2.3.1,11,new,
SOUFRE ICS,soufre ics,T05,2.3.2,21,new,
AMONIAC,amoniac,T06,2.3.1,13,new,
BUTANE EN VRAC,butane en vrac,T06,2.3.1,10,new,
DIESEL OIL,diesel oil,T06,2.3.1,10,new,
FUEL OIL,fuel oil,T06,2.3.1,10,new,
GASOIL,gasoil,T06,2.3.1,10,new,
PHOSPHATES D’ALLUMINE,phosphates dallumine,T06,2.3.2,20,new,
PHOSPHATES D’ALUMINE,phosphates dalumine,T06,2.3.1,12,new,
PHOSPHATES DE CALCIUM,phosphates de calcium,T06,2.3.1,12,new,
ALCOOL INDUSTRIEL,alcool industriel,T07,2.3.2,16,conflict,"Conflit: alcool industriel → T07, T12"
"ALIMENT DE BETAIL, SON ET TOURTERAUX NDA",aliment de betail son et tourteraux nda,T07,2.3.2,16,new,
AMIANTE,amiante,T07,2.3.1,12,new,
ARACHIDES DECORTIQUEES,arachides decortiquees,T07,2.3.1,10,new,
ARGILE ET CRAIE EN POUDRE,argile et craie en poudre,T07,2.3.1,11,new,
AUTRES MATIERES TEXTILES NDA,autres matieres textiles nda,T07,2.3.1,8,new,
CHARBON,charbon,T07,2.3.2,17,new,
CHARBON DE TERRE,charbon de terre,T07,2.3.1,10,new,
CHAUX ETEINTE,chaux eteinte,T07,2.3.1,12,new,
CHIFFONS ET DECHETS DE TEXTILES,chiffons et dechets de textiles,T07,2.3.1,8,new,
CLINKER,clinker,T07,2.3.1,12,new,
COKE,coke,T07,2.3.1,10,new,
COTON EGRENE EN BALLE OU BIG BAG,coton egrene en balle ou big bag,T07,2.3.1,8,new,
FARINE DE BLE,farine de ble,T07,2.3.1,10,new,
FARINE DE POISSON,farine de poisson,T07,2.3.2,18,new,
GRAINES DE TOURNESOL ET GRAINES OLEAGINEUX NDA,graines de tournesol et graines oleagineux nda,T07,2.3.2,19,new,
GRAINES ET SEMENCES NDA (sauf semences de pom.de terres),graines et semences nda sauf semences de pomde terres,T07,2.3.2,19,new,
GRAINES ET SEMENCES NDA (sauf semences de pomme de terres),graines et semences nda sauf semences de pomme de terres,T07,2.3.3,27,new,
GRAINES ET SEMENCES NDA (sauf semences de pommes de terres),graines et semences nda sauf semences de pommes de terres,T07,2.3.1,8,new,
GYPSE,gypse,T07,2.3.1,12,new,
MELASSE DE CANNE,melasse de canne,T07,2.3.1,9,new,
MINERAIS BRUTS,minerais bruts,T07,2.3.1,11,new,
OLEAGINEUX NDA,oleagineux nda,T07,2.3.1,10,new,
"SABLE, PIERRES DE CONSTRUCTION",sable pierres de construction,T07,2.3.1,11,new,
"SABLE, PIERRES DE CONSTRUCTIONS",sable pierres de constructions,T07,2.3.3,27,new,
SEMOULE ET AUTRES FARINE DE CERALES NDA,semoule et autres farine de cerales nda,T07,2.3.1,10,new,
SEMOULE ET AUTRES FARINES DE CERALES NDA,semoule et autres farines de cerales nda,T07,2.3.2,21,new,
TERRES REFRACRTAIRE,terres refracrtaire,T07,2.3.3,27,new,
TERRES REFRACRTAIRES,terres refracrtaires,T07,2.3.1,12,new,
ATTAPULGITE,attapulgite,T08,2.3.1,11,new,
CELLULOSE ET PATE A PAPIER,cellulose et pate a papier,T08,2.3.1,13,new,
DECHET DE PAPIER ET VIEUX JOURNAUX,dechet de papier et vieux journaux,T08,2.3.1,13,new,
FERAILLES HORS USAGE,ferailles hors usage,T08,2.3.1,11,new,
PHOSPHATES NDA,phosphates nda,T08,2.3.1,12,new,
PHOSPHATES ORIGINE LOCALE NDA,phosphates origine locale nda,T08,2.3.1,12,new,
TOURTEREAUX D’ARACHIDE,tourtereaux darachide,T08,2.3.2,22,new,
"AVION, HELICOPTERE, EMBARCATION",avion helicoptere embarcation,T09,2.3.1,14,new,
MATERIEL DE CHANTIER,materiel de chantier,T09,2.3.1,15,new,
TRACTEURS AGRICOLES,tracteurs agricoles,T09,2.3.1,14,new,
VEHICULE ET MATERIEL DE TRANSPORT NDA,vehicule et materiel de transport nda,T09,2.3.1,14,new,
VEHICULES DE CHANTIER ET VEHICULES INDUSTRIELS,vehicules de chantier et vehicules industriels,T09,2.3.1,14,new,
"VEHICULES ROULIER DE 1,5 A 2,5 T",vehicules roulier de 15 a 25 t,T09,2.3.1,14,new,
"VEHICULES ROUTIER DE 1,5 A 2,5 T",vehicules routier de 15 a 25 t,T09,2.3.2,22,new,
SEL DE PRODUCTION LOCALE,sel de production locale,T10,2.3.1,11,new,
BASE PARFUM,base parfum,T11,2.3.1,13,new,
"BITUMES EN FUITS, EN SAC",bitumes en fuits en sac,T11,2.3.1,11,new,
"BITUMES EN FUTS, EN SAC",bitumes en futs en sac,T11,2.3.2,17,new,
BITUMES EN VRAC,bitumes en vrac,T11,2.3.1,11,new,
DECHETS NON FERREUX,dechets non ferreux,T11,2.3.1,11,new,
ESSENCE AUTO,essence auto,T11,2.3.1,10,new,
ESSENCE AVION,essence avion,T11,2.3.1,10,new,
HYDROCARBURES RAFFINEES NDA,hydrocarbures raffinees nda,T11,2.3.1,10,new,
PETROLE BRUT,petrole brut,T11,2.3.1,10,new,
PETROLE LAMPANT,petrole lampant,T11,2.3.1,10,new,
PRODUITS ENERGITIQUES GAZEUX NDA,produits energitiques gazeux nda,T11,2.3.2,21,new,
PRODUITS NERGITIQUES GAZEUX NDA,produits nergitiques gazeux nda,T11,2.3.1,10,new,
A BETON,a beton,T12,2.3.1,11,new,
ACIDE NDA,acide nda,T12,2.3.1,13,new,
ACIDE PHOSPHORIQUE NDA,acide phosphorique nda,T12,2.3.1,13,new,
ALCCOL INDUSTRIEL,alccol industriel,T12,2.3.1,13,new,
ALCOOL INDUSTRIEL,alcool industriel,T12,2.3.3,28,conflict,"Conflit: alcool industriel → T07, T12"
AMIDON,amidon,T12,2.3.1,13,new,
ARTICLES DE MANUFACTURES NDA,articles de manufactures nda,T12,2.3.2,16,new,
ARTICLES DE PUBLICITE SAUF PAPIER IMPRIME,articles de publicite sauf papier imprime,T12,2.3.1,15,new,
ARTICLES EN MATIERES PLASTIQUES NDA,articles en matieres plastiques nda,T12,2.3.2,16,new,
ARTICLES EN MATIERES PLASTIQUES NENDA,articles en matieres plastiques nenda,T12,2.3.3,28,new,
AUTRES PRODUITS MINERAUX,autres produits mineraux,T12,2.3.2,16,new,
AUTRES PRODUITS MINERAUX NDA,autres produits mineraux nda,T12,2.3.1,11,new,
BETON,beton,T12,2.3.2,22,new,
BEURRE DE KARITE,beurre de karite,T12,2.3.1,10,new,
BEURRES DE KARITE,beurres de karite,T12,2.3.2,16,new,
BEURRES VEGETALES ET MARGARINES,beurres vegetales et margarines,T12,2.3.2,16,new,
BEURRES VEGETAUX ET MARGARINES,beurres vegetaux et margarines,T12,2.3.1,9,new,
BIJOUTERIE FANTAISIE (SANS PIERRES NI METAUX PRECIEUX),bijouterie fantaisie sans pierres ni metaux precieux,T12,2.3.2,16,new,
BISCUITS,biscuits,T12,2.3.1,10,new,
BLEU D’OUTRE MER,bleu doutre mer,T12,2.3.1,13,new,
BOUCHONS ET CAPSULES,bouchons et capsules,T12,2.3.1,15,new,
BRIQUES REFRACTAIRES,briques refractaires,T12,2.3.1,12,new,
CAOUTCHOUC NATUREL,caoutchouc naturel,T12,2.3.1,8,new,
CAOUTCHOUC PLAQUE OU ROULEAUX,caoutchouc plaque ou rouleaux,T12,2.3.2,17,new,
CAOUTCHOUC PLAQUES OU ROULEAUX,caoutchouc plaques ou rouleaux,T12,2.3.1,15,new,
CARTONNAGE EN ROULEAU OU EN PLAQUE,cartonnage en rouleau ou en plaque,T12,2.3.1,15,new,
CARTONNAGE EN ROULEAU OU NE PLAQUE,cartonnage en rouleau ou ne plaque,T12,2.3.2,17,new,
CHAUFFE EAU ET MATERIELS DE CHAUFFAGE,chauffe eau et materiels de chauffage,T12,2.3.2,17,new,
CHAUFFE EEAU ET MATERIELS DE CHAUFFAGE,chauffe eeau et materiels de chauffage,T12,2.3.1,14,new,
CHAUX VIVE,chaux vive,T12,2.3.1,12,new,
CHLORURE DE POTASSIUM,chlorure de potassium,T12,2.3.1,12,new,
"CIRE, CIRAGE",cire cirage,T12,2.3.1,8,new,
COFFRE – FORT,coffre fort,T12,2.3.2,17,new,
CORDES CORDAGES FICELLES,cordes cordages ficelles,T12,2.3.1,15,new,
CUIRS ET PEAUX TRAVAILLEES SAUF MAROQUINERIE,cuirs et peaux travaillees sauf maroquinerie,T12,2.3.2,18,new,
CUIRS ET PEAUX TRAVAILLES SAUF MAROQUINERIE,cuirs et peaux travailles sauf maroquinerie,T12,2.3.1,15,new,
EMBALLAGES VIDES EN CARTON,emballages vides en carton,T12,2.3.1,15,new,
FERREUX NDA,ferreux nda,T12,2.3.1,11,new,
FILS ET MATIERES TEXTILES NATURELLES OU ARTIFICIELLES NDA,fils et matieres textiles naturelles ou artificielles nda,T12,2.3.1,15,new,
FRUITS FRAIS NDA,fruits frais nda,T12,2.3.1,8,new,
FRUITS SECS,fruits secs,T12,2.3.1,8,new,
GOMMES VEGETAL,gommes vegetal,T12,2.3.2,19,new,
GOMMES VEGETALES,gommes vegetales,T12,2.3.1,8,new,
HEXANE,hexane,T12,2.3.1,13,new,
HUILES COMESTIBLES EMBALLEES NDA,huiles comestibles emballees nda,T12,2.3.1,10,new,
HUILES DE GRAISSAGE ET AUTRES HUILES INDUSTRIELLES NDA,huiles de graissage et autres huiles industrielles nda,T12,2.3.1,11,new,
HUILES DE GRAISSAGE ET AUTRESHUILES INDUSTRIELLES NDA,huiles de graissage et autreshuiles industrielles nda,T12,2.3.3,28,new,
"INSECTICIDES, PESTICIDES",insecticides pesticides,T12,2.3.1,13,new,
LEGUMES SECS,legumes secs,T12,2.3.1,8,new,
LEVURES,levures,T12,2.3.1,9,new,
MACHINES AGRICOLES,machines agricoles,T12,2.3.1,14,new,
MATERIAUX DE CONSTRUCTION ET CARRELAGE NDA,materiaux de construction et carrelage nda,T12,2.3.1,12,new,
"MATERIEL SANITAIRE EN FAIENCE, PORCELAINE",materiel sanitaire en faience porcelaine,T12,2.3.1,14,new,
MATIERES CHIMIQUES NDA,matieres chimiques nda,T12,2.3.3,28,new,
MATIRES CHIMIQUES NDA,matires chimiques nda,T12,2.3.1,13,new,
NDA,nda,T12,2.3.2,22,new,
NEUTRAL SOLVANT,neutral solvant,T12,2.3.1,13,new,
PAPIER BITUME,papier bitume,T12,2.3.1,15,new,
PAPIER ET PAPIER KRAFT EN BOBINES > 1T,papier et papier kraft en bobines 1t,T12,2.3.1,15,new,
PAPIER ET PAPIER KRAFT EN BOBINNES > 1T,papier et papier kraft en bobinnes 1t,T12,2.3.2,20,new,
PARAFFINE,paraffine,T12,2.3.2,20,new,
PARAFINE,parafine,T12,2.3.1,13,new,
PRODUIT CHIMIQUE DE BASE NDA,produit chimique de base nda,T12,2.3.1,13,new,
PRODUITS CHIMIQUES DE BASE NDA,produits chimiques de base nda,T12,2.3.3,29,new,
QUINOUELIBA,quinoueliba,T12,2.3.1,9,new,
QUINQUELIBA,quinqueliba,T12,2.3.2,21,new,
"RECIPIENT VIDE EN VERRE, EN BOIS OU EN FER NDA",recipient vide en verre en bois ou en fer nda,T12,2.3.1,15,new,
RESINE SYNTHETIQUE,resine synthetique,T12,2.3.1,13,new,
REVETEMENT DE SOL (CARRELAGE) NDA,revetement de sol carrelage nda,T12,2.3.2,21,new,
SACS EN JUT OU EN FIBRES VEGETALES,sacs en jut ou en fibres vegetales,T12,2.3.1,15,new,
SACS EN JUTE OU EN FIBRES VEGETALES,sacs en jute ou en fibres vegetales,T12,2.3.2,21,new,
SACS EN JUTE OU EN FIBRES VEGETALS,sacs en jute ou en fibres vegetals,T12,2.3.3,29,new,
SACS EN PROPYLENE,sacs en propylene,T12,2.3.1,15,new,
SAVONS ORDINAIRES,savons ordinaires,T12,2.3.1,13,new,
SOLVESSO,solvesso,T12,2.3.1,13,new,
TALC,talc,T12,2.3.1,11,new,
"TOLES ET PRODUITS LAMINES, FIL DE FER, RAILS, PROFILES ET FER A BETON",toles et produits lamines fil de fer rails profiles et fer a beton,T12,2.3.3,29,new,
TOLUENE,toluene,T12,2.3.1,13,new,
TRANSACTIONS SPECIALES NDA,transactions speciales nda,T12,2.3.1,15,new,
"TUBES, TUYAUX ET POTEAUX METALLIQUES ET PRODUITS FERREUX NDA",tubes tuyaux et poteaux metalliques et produits ferreux nda,T12,2.3.3,29,new,
TUYEAUX EN PVC,tuyeaux en pvc,T12,2.3.2,22,new,
ŒUVRES ET OBJETS D’ART,uvres et objets dart,T12,2.3.2,20,new,
"VERRE, PRODUITS CERAMIQUES NDA",verre produits ceramiques nda,T12,2.3.1,14,new,
WHITE SPIRIT,white spirit,T12,2.3.1,10,new,
CONTENEURS DE GROUPAGE IMPORT DE DIVERSES MARCHANDISES NE,conteneurs de groupage import de diverses marchandises ne,T13,2.3.3,29,new,
MARCHANDISES NE CONTENANT AUCUN P¨RODUIT DE CAT. T01,marchandises ne contenant aucun produit de cat t01,T13,2.3.1,15,new,
"FIL MACHINE, BOBINE DE TOLES, FEUILLARD, FER BLANC",fil machine bobine de toles feuillard fer blanc,T14,2.3.1,11,new,
