confidence;created_at;evidence_level;id;is_active;notes;nst_code;nst_level;pad_category;requires_operator_validation;source_document;source_reference;updated_at;validation_status
0.5;2026-05-07 22:07:55.013958+00;expert_rule;7c82985d-2955-4bf5-8fbd-a09b511637be;true;Division 01 inclut 'fish and other fishing products' (groupe 01.B). P05 = produits de peche NDA, categorie par defaut pour la peche non specifiee. Conflit avec T02/T03/T05 pour les produits agricoles non-peche. | [AUDIT-R1] P05 pertinent uniquement pour le sous-groupe peche (01.B). La division est trop large pour un seul PAD. Conserver comme candidat secondaire peche.;01;division;P05;true;PAD_NST_RECOMMENDATION_ENGINE.md;Section 6 — Rapprochement indicatif NST -> familles PAD (lignes 412-433);2026-05-07 22:07:55.013958+00;candidate
0.5;2026-05-07 22:07:55.013958+00;expert_rule;b3a7762f-2314-4716-b36f-7effda3721c4;true;Division 02 inclut charbon et lignite (02.1). T07 = clinker, farine, charbon, sable et vracs pondereux. Le charbon est explicitement dans le label T07. Candidate secondaire derriere T11 pour les hydrocarbures liquides. | [AUDIT-R1] T07 pertinent pour le charbon (02.1) mais pas pour le pétrole (02.2) ni le gaz (02.3). Division trop hétérogène. Conserver comme candidat secondaire charbon.;02;division;T07;true;PAD_NST_RECOMMENDATION_ENGINE.md;Section 6 — Rapprochement indicatif NST -> familles PAD (lignes 412-433);2026-05-07 22:07:55.013958+00;candidate
0.55;2026-05-07 22:07:55.013958+00;expert_rule;bef017b0-3d76-4d8b-89b2-776c249f069d;true;Division 02 = charbon, petrole brut, gaz naturel. T11 = petrole brut, essences, bitumes, hydrocarbures raffines. Le petrole brut (02.2) correspond directement a T11. Le charbon (02.1) pourrait relever de T07 (charbon, vracs pondereux). Confidence moyenne car charbon et gaz creent une ambiguite. | [AUDIT-R1] T11 pertinent pour pétrole brut (02.2) mais pas pour charbon (02.1). Les groupes 02.x ont des règles plus précises. Conserver car le pétrole domine le trafic.;02;division;T11;true;PAD_NST_RECOMMENDATION_ENGINE.md;Section 6 — Rapprochement indicatif NST -> familles PAD (lignes 412-433);2026-05-07 22:07:55.013958+00;candidate
0.5;2026-05-07 22:07:55.013958+00;expert_rule;25c2310b-171a-4c7c-8ed1-773bb851fd84;true;Division 03 = minerais metalliques, produits miniers. T03 = acides, sucres et matieres premieres. Les minerais sont des matieres premieres brutes. Ambiguite avec T08 (phosphates, ferrailles) pour certains minerais specifiques. | [AUDIT-R1] T03 'matières premières' pertinent pour minerais (03.1, 03.2) mais la division inclut aussi sel (T10), sable (T07), phosphates (T08). Trop large.;03;division;T03;true;PAD_NST_RECOMMENDATION_ENGINE.md;Section 6 — Rapprochement indicatif NST -> familles PAD (lignes 412-433);2026-05-07 22:07:55.013958+00;candidate
0.45;2026-05-07 22:07:55.013958+00;expert_rule;f67926ff-40e5-4c5a-b70f-25e75f73d696;true;Division 03 inclut les mineraux fertilisants (03.3) et le sel (03.4). T08 = attapulgite, phosphates, ferrailles, tourteaux, cellulose. Les phosphates et mineraux fertilisants correspondent a T08. Candidate secondaire. | [AUDIT-R1] T08 pertinent pour phosphates (03.3) uniquement. Confidence baissée car secondaire au niveau division. Les groupes 03.x sont plus précis.;03;division;T08;true;PAD_NST_RECOMMENDATION_ENGINE.md;Section 6 — Rapprochement indicatif NST -> familles PAD (lignes 412-433);2026-05-07 22:07:55.013958+00;candidate
0.5;2026-05-07 22:07:55.013958+00;expert_rule;0101089a-687f-48f6-a692-c4f02f5bf2bf;true;Division 04 = produits alimentaires, boissons, tabac. T02 = marchandises generales. Les denrees alimentaires transformees sont classees marchandises generales dans la pratique PAD Dakar. Ambiguite avec T01 pour les boissons alcoolisees (alias PAD existant sous T01) et T05 pour les farines/cereales transformees. | [AUDIT-R1] T02 par défaut pour les denrées alimentaires transformées. Ambiguïté avec T01 (boissons alcoolisées), T05 (farines/céréales). Accepté comme candidat principal par défaut.;04;division;T02;true;PAD_NST_RECOMMENDATION_ENGINE.md;Section 6 — Rapprochement indicatif NST -> familles PAD (lignes 412-433);2026-05-07 22:07:55.013958+00;candidate
0.55;2026-05-07 22:07:55.013958+00;expert_rule;d06c74e2-a928-4825-8c6b-41c211b32aac;true;Division 05 = textiles, cuir. T12 = materiaux et produits manufactures. Les textiles et articles en cuir sont des produits manufactures au sens PAD. Ambiguite possible avec T02 (marchandises generales) pour les textiles bruts. | [AUDIT-R1] T12 pertinent pour textiles et cuir manufacturés. Confidence acceptable au niveau division. Cohérent avec les règles group-level 05.x→T12.;05;division;T12;true;PAD_NST_RECOMMENDATION_ENGINE.md;Section 6 — Rapprochement indicatif NST -> familles PAD (lignes 412-433);2026-05-07 22:07:55.013958+00;candidate
0.75;2026-05-07 22:07:55.013958+00;expert_rule;be883956-68be-4e0d-b9a1-69deb4761e16;true;Division 06 = bois, liege, papier. T04 = bois et produits divers. Le bois et ses derives correspondent directement au label T04. Confidence raisonnable car le label PAD est explicite. | [AUDIT-R1] Match direct : label PAD T04 = 'Bois et produits divers'. Division 06 = bois, liège, papier. Le bois est explicitement dans le label T04.;06;division;T04;true;PAD_NST_RECOMMENDATION_ENGINE.md;Section 6 — Rapprochement indicatif NST -> familles PAD (lignes 412-433);2026-05-07 22:07:55.013958+00;candidate
0.75;2026-05-07 22:07:55.013958+00;expert_rule;2251930c-91f6-4b04-b6c0-49d80ded1f39;true;Division 07 = coke et produits petroliers raffines. T11 = petrole brut, essences, bitumes, hydrocarbures raffines. Correspondance directe entre produits petroliers raffines et le label T11. Meilleur match division-level du manifeste. | [AUDIT-R1] Match direct : label PAD T11 = 'Pétrole brut, essences, bitumes, hydrocarbures raffinés'. Division 07 = produits pétroliers raffinés. Correspondance explicite.;07;division;T11;true;PAD_NST_RECOMMENDATION_ENGINE.md;Section 6 — Rapprochement indicatif NST -> familles PAD (lignes 412-433);2026-05-07 22:07:55.013958+00;candidate
0.45;2026-05-07 22:07:55.013958+00;expert_rule;a0ca1588-8a59-4a0a-aa36-593e7871e1a2;true;Division 08 = chimie, plastiques, caoutchouc, combustible nucleaire. T03 = acides, sucres et matieres premieres. Les produits chimiques de base (acides) correspondent a T03. Forte ambiguite : la division couvre aussi les plastiques (T12), les engrais (T08), les produits pharmaceutiques (T02). | [AUDIT-R1] T03 pertinent pour chimie de base (08.1) mais la division couvre aussi plastiques (T12), engrais (T08), pharma (T01). Confidence baissée car trop hétérogène.;08;division;T03;true;PAD_NST_RECOMMENDATION_ENGINE.md;Section 6 — Rapprochement indicatif NST -> familles PAD (lignes 412-433);2026-05-07 22:07:55.013958+00;candidate
0.45;2026-05-07 22:07:55.013958+00;expert_rule;2034a130-e84d-434d-869a-db3fc693383b;true;Division 09 inclut ciment, chaux, platre (09.2). T05 = cereales, ciment, riz et produits assimiles. Le ciment est explicitement dans le label T05. Candidate secondaire, depend du produit exact. | [AUDIT-R1] T05 pertinent pour ciment fini (09.2) mais pas pour verre/céramique. Confidence baissée. Le conflit T05/T07 pour le ciment doit être résolu au group-level.;09;division;T05;true;PAD_NST_RECOMMENDATION_ENGINE.md;Section 6 — Rapprochement indicatif NST -> familles PAD (lignes 412-433);2026-05-07 22:07:55.013958+00;candidate
0.55;2026-05-07 22:07:55.013958+00;expert_rule;63ec08d6-b912-4207-af7d-4367e7fb1f5f;true;Division 09 = produits mineraux non metalliques. T07 = clinker, farine, charbon, sable et vracs pondereux. Le ciment (09.2), le sable, le clinker sont dans T07. Ambiguite avec T12 pour les produits mineraux manufactures (verre, ceramique). | [AUDIT-R1] T07 pertinent pour clinker, sable, matériaux de carrière. Plus large que T05 pour cette division. Conflit ciment/clinker documenté.;09;division;T07;true;PAD_NST_RECOMMENDATION_ENGINE.md;Section 6 — Rapprochement indicatif NST -> familles PAD (lignes 412-433);2026-05-07 22:07:55.013958+00;candidate
0.5;2026-05-07 22:07:55.013958+00;expert_rule;51102996-8915-45c2-86c8-a6155eb902b6;true;Division 10 inclut les produits metalliques fabriques (10.3-10.5). T12 = materiaux et produits manufactures. Les tubes, profiles, produits metalliques structurels sont des produits manufactures. Candidate secondaire. | [AUDIT-R1] T12 pertinent pour produits métalliques fabriqués (10.3-10.5). Accepté comme candidat secondaire derrière T14.;10;division;T12;true;PAD_NST_RECOMMENDATION_ENGINE.md;Section 6 — Rapprochement indicatif NST -> familles PAD (lignes 412-433);2026-05-07 22:07:55.013958+00;candidate
0.7;2026-05-07 22:07:55.013958+00;expert_rule;44c6aced-2290-4dee-ba84-34f61e32788d;true;Division 10 = metaux de base, produits metalliques. T14 = fil machine et feuillard. Les produits de premiere transformation (10.1) correspondent a T14. Ambiguite avec T12 pour les produits metalliques fabriques et T08 pour les ferrailles. | [AUDIT-R1] Match direct : label PAD T14 = 'Fil machine et feuillard'. Division 10 = métaux de base. Le fil machine est un produit de première transformation.;10;division;T14;true;PAD_NST_RECOMMENDATION_ENGINE.md;Section 6 — Rapprochement indicatif NST -> familles PAD (lignes 412-433);2026-05-07 22:07:55.013958+00;candidate
0.55;2026-05-07 22:07:55.013958+00;expert_rule;1500f136-e82f-445f-ae1c-2d36217a3f20;true;Division 11 = machines, equipements, informatique, electronique. T01 = biens de valeur, electronique, informatique et mobilier. L'informatique et l'electronique sont explicitement dans le label T01. Ambiguite avec T09 pour les machines industrielles et T12 pour les appareils menagers. | [AUDIT-R1] T01 pertinent pour informatique et électronique (11.3-11.7) mais pas pour machines industrielles (11.1, 11.8). Division hétérogène.;11;division;T01;true;PAD_NST_RECOMMENDATION_ENGINE.md;Section 6 — Rapprochement indicatif NST -> familles PAD (lignes 412-433);2026-05-07 22:07:55.013958+00;candidate
0.75;2026-05-07 22:07:55.013958+00;expert_rule;1ff3c4e4-3f46-4f6e-a7c3-b3ceaa706cc0;true;Division 12 = materiel de transport. T09 = tracteurs, vehicules industriels et materiel de transport. Correspondance directe entre 'transport equipment' et le label T09. | [AUDIT-R1] Match direct : label PAD T09 = 'Tracteurs, véhicules industriels et matériel de transport'. Division 12 = matériel de transport.;12;division;T09;true;PAD_NST_RECOMMENDATION_ENGINE.md;Section 6 — Rapprochement indicatif NST -> familles PAD (lignes 412-433);2026-05-07 22:07:55.013958+00;candidate
0.7;2026-05-07 22:07:55.013958+00;expert_rule;1dff8034-f4c9-4c65-8512-47e4a8f4a47c;true;Division 13 = meubles et autres produits manufactures. T01 = biens de valeur, electronique, informatique et mobilier. Le mobilier est explicitement dans le label T01. Ambiguite avec T12 pour les 'autres produits manufactures'. | [AUDIT-R1] Match direct : label PAD T01 mentionne 'mobilier'. Division 13 = meubles et autres produits manufacturés.;13;division;T01;true;PAD_NST_RECOMMENDATION_ENGINE.md;Section 6 — Rapprochement indicatif NST -> familles PAD (lignes 412-433);2026-05-07 22:07:55.013958+00;candidate
0.5;2026-05-07 22:07:55.013958+00;expert_rule;a480cd27-1958-44a0-b376-39fc17db9cd7;true;Division 13 inclut 'other manufactured goods' (13.2). T12 = materiaux et produits manufactures. Les produits manufactures divers relevent de T12. Candidate secondaire. | [AUDIT-R1] T12 pertinent pour 'autres produits manufacturés' (13.2). Candidat secondaire cohérent.;13;division;T12;true;PAD_NST_RECOMMENDATION_ENGINE.md;Section 6 — Rapprochement indicatif NST -> familles PAD (lignes 412-433);2026-05-07 22:07:55.013958+00;candidate
0.5;2026-05-07 22:07:55.013958+00;expert_rule;fca66ce4-a611-423a-97a9-aaba244934b8;true;Division 14 = matieres premieres secondaires, dechets. T08 = attapulgite, phosphates, ferrailles, tourteaux, cellulose. Les ferrailles et dechets metalliques secondaires correspondent a T08. Ambiguite car les dechets municipaux (14.1) ne correspondent a aucune categorie PAD claire. | [AUDIT-R1] T08 ferrailles pertinent pour matières premières secondaires mais pas pour déchets municipaux. Confidence baissée.;14;division;T08;true;PAD_NST_RECOMMENDATION_ENGINE.md;Section 6 — Rapprochement indicatif NST -> familles PAD (lignes 412-433);2026-05-07 22:07:55.013958+00;candidate
0.85;2026-05-07 22:07:55.013958+00;expert_rule;4a89ef00-07c6-448d-9b34-9e91706859b1;true;Cereales -> T05 : le label PAD T05 mentionne explicitement 'cereales, ciment, riz'. Match direct entre le groupe NST et le label PAD. | [AUDIT-R1] Match direct : label PAD T05 = 'Céréales, ciment, riz et produits assimilés'. Céréales explicitement nommées.;01.1;group;T05;true;PAD_NST_RECOMMENDATION_ENGINE.md;Label PAD T05 = 'Cereales, ciment, riz et produits assimiles';2026-05-07 22:07:55.013958+00;candidate
0.5;2026-05-07 22:07:55.013958+00;expert_rule;48262e56-bca3-4ed5-9730-a8f3f0613ee1;true;Pommes de terre -> T02 : produit agricole frais, classe marchandises generales en l'absence d'alias PAD specifique. Pas de categorie PAD dediee aux tubercules. | [AUDIT-R1] Produit agricole frais sans catégorie PAD dédiée. T02 par défaut acceptable.;01.2;group;T02;true;PAD_NST_RECOMMENDATION_ENGINE.md;Section 6 — Rapprochement indicatif NST -> familles PAD;2026-05-07 22:07:55.013958+00;candidate
0.5;2026-05-07 22:07:55.013958+00;expert_rule;edc3b2fb-4a6f-4c6a-8499-aa8629bd7ee0;true;Legumes et fruits frais -> T03 : matieres premieres agricoles fraiches. T03 = acides, sucres et matieres premieres, inclut les produits agricoles bruts non transformes. | [AUDIT-R1] T03 'matières premières' acceptable pour fruits/légumes frais mais confiance faible. Pas de catégorie PAD dédiée produits frais.;01.3;group;T03;true;PAD_NST_RECOMMENDATION_ENGINE.md;Section 6 — Rapprochement indicatif NST -> familles PAD;2026-05-07 22:07:55.013958+00;candidate
0.55;2026-05-07 22:07:55.013958+00;expert_rule;6637e20d-7da7-489e-81e8-0492f3ae86ab;true;Fleurs et plantes -> T02 : marchandises generales. Pas de categorie PAD dediee aux plantes. T02 est le classement par defaut pour les produits agricoles non-cereales/non-peche. | [AUDIT-R1] Produit agricole sans catégorie PAD dédiée. T02 par défaut cohérent.;01.4;group;T02;true;PAD_NST_RECOMMENDATION_ENGINE.md;Section 6 — Rapprochement indicatif NST -> familles PAD;2026-05-07 22:07:55.013958+00;candidate
0.8;2026-05-07 22:07:55.013958+00;expert_rule;764be373-3050-488e-89b3-409ae2eee4a5;true;Bois brut -> T04 : le label PAD T04 mentionne 'bois et produits divers'. Le bois brut non transforme correspond directement a T04. | [AUDIT-R1] Match direct : label PAD T04 = 'Bois et produits divers'. Bois brut explicitement couvert.;01.5;group;T04;true;PAD_NST_RECOMMENDATION_ENGINE.md;Section 6 — Rapprochement indicatif NST -> familles PAD;2026-05-07 22:07:55.013958+00;candidate
0.55;2026-05-07 22:07:55.013958+00;expert_rule;06dc03c2-ad61-4c22-9f30-36443f68fcba;true;Animaux vivants -> T02 : pas de categorie PAD specifique pour le betail. T02 marchandises generales par defaut. | [AUDIT-R1] Animaux vivants sans catégorie PAD dédiée. T02 par défaut acceptable. Confidence modérée.;01.6;group;T02;true;PAD_NST_RECOMMENDATION_ENGINE.md;Section 6 — Rapprochement indicatif NST -> familles PAD;2026-05-07 22:07:55.013958+00;candidate
0.55;2026-05-07 22:07:55.013958+00;expert_rule;092462a1-eede-482f-a970-ceb6600acc69;true;Fibres textiles brutes -> T03 : matieres premieres textiles non transformees. T03 = acides, sucres et matieres premieres, inclut les matieres premieres brutes. | [AUDIT-R1] Fibres textiles brutes sont des matières premières. T03 pertinent. Confiance modérée.;01.7;group;T03;true;PAD_NST_RECOMMENDATION_ENGINE.md;Section 6 — Rapprochement indicatif NST -> familles PAD;2026-05-07 22:07:55.013958+00;candidate
0.8;2026-05-07 22:07:55.013958+00;nstr_bridge_inferred;a1ff804c-512e-42a4-838b-f942a4180d5e;true;Oilseeds and oleaginous fruits -> T06 : NSTR bridge 01.A maps to oleagineux. T06 = arachides, oleagineux. Match direct via NSTR correspondance. | [AUDIT-R1] Match direct via pont NSTR : oléagineux → T06 = 'Arachides, oléagineux'. Correspondance explicite.;01.A;group;T06;true;PAD_NST_RECOMMENDATION_ENGINE.md;NSTR bridge: 01.A oleagineux -> T06;2026-05-07 22:07:55.013958+00;candidate
0.8;2026-05-07 22:07:55.013958+00;expert_rule;7507a7e1-6599-4a7f-9494-3a132b2721bd;true;Poissons et crustaces -> P05 : le label PAD P05 = 'produits de peche NDA'. Correspondance directe entre produits de la peche et P05. | [AUDIT-R1] Match direct : label PAD P05 = 'Produits de pêche NDA'. Correspondance explicite.;01.B;group;P05;true;PAD_NST_RECOMMENDATION_ENGINE.md;Label PAD P05 = 'Produits de peche NDA';2026-05-07 22:07:55.013958+00;candidate
0.8;2026-05-07 22:07:55.013958+00;expert_rule;ee072e3f-8a5b-4f1b-a474-b4c7d7601209;true;Charbon et lignite -> T07 : le label PAD T07 mentionne 'charbon' explicitement. Match direct. | [AUDIT-R1] Match direct : label PAD T07 = 'Clinker, farine, charbon, sable et vracs pondéreux'. Charbon explicitement nommé.;02.1;group;T07;true;PAD_NST_RECOMMENDATION_ENGINE.md;Label PAD T07 = 'Clinker, farine, charbon, sable et vracs pondereux';2026-05-07 22:07:55.013958+00;candidate
0.85;2026-05-07 22:07:55.013958+00;expert_rule;7e191e7f-e252-4176-b533-223be29350c8;true;Petrole brut -> T11 : le label PAD T11 mentionne 'petrole brut' explicitement. Match direct parfait. | [AUDIT-R1] Match direct parfait : label PAD T11 = 'Pétrole brut, essences, bitumes, hydrocarbures raffinés'. Pétrole brut explicitement nommé.;02.2;group;T11;true;PAD_NST_RECOMMENDATION_ENGINE.md;Label PAD T11 = 'Petrole brut, essences, bitumes, hydrocarbures raffines';2026-05-07 22:07:55.013958+00;candidate
0.55;2026-05-07 22:07:55.013958+00;expert_rule;50b52cec-1ec2-46e0-808f-43266c0cb40e;true;Gaz naturel -> T06 : rapprochement indirect. T06 = arachides, oleagineux. Le gaz naturel n'a pas de categorie PAD dediee. T06 pourrait couvrir les huiles/gaz naturels par extension semantique. | [AUDIT-R1] T06 rapprochement faible pour gaz naturel. Enrichir les notes pour indiquer que le gaz naturel manque de catégorie PAD.;02.3;group;T06;true;PAD_NST_RECOMMENDATION_ENGINE.md;Section 6 — Rapprochement indicatif NST -> familles PAD;2026-05-07 22:07:55.013958+00;candidate
0.75;2026-05-07 22:07:55.013958+00;expert_rule;2e667cfc-9028-4f60-9164-b07af0492b34;true;Minerais de fer -> T03 : minerai brut = matiere premiere. T03 = acides, sucres et matieres premieres. Les minerais metalliques sont des matieres premieres de base. | [AUDIT-R1] Minerai de fer = matière première. T03 pertinent. Confiance relevée.;03.1;group;T03;true;PAD_NST_RECOMMENDATION_ENGINE.md;Section 6 — Rapprochement indicatif NST -> familles PAD;2026-05-07 22:07:55.013958+00;candidate
0.7;2026-05-07 22:07:55.013958+00;expert_rule;3146fce9-79a9-4e29-9be8-20bed814c620;true;Minerais non ferreux -> T03 : minerais bruts = matieres premieres. Meme logique que 03.1 pour les minerais de fer. | [AUDIT-R1] Même logique que 03.1. Minerais non ferreux = matières premières.;03.2;group;T03;true;PAD_NST_RECOMMENDATION_ENGINE.md;Section 6 — Rapprochement indicatif NST -> familles PAD;2026-05-07 22:07:55.013958+00;candidate
0.5;2026-05-07 22:07:55.013958+00;expert_rule;7e48ec02-b14d-47aa-a3fc-4aa9b2a7c21a;true;Mineraux pour chimie et engrais -> T06 : rapprochement par extension. Les mineraux fertilisants incluent les phosphates naturels. T08 serait plus precis pour les phosphates mais T06 est propose comme alternative. | [AUDIT-R1] T06 rapprochement faible. T08 (phosphates) serait plus précis. Confiance ajustée à la baisse.;03.3;group;T06;true;PAD_NST_RECOMMENDATION_ENGINE.md;Section 6 — Rapprochement indicatif NST -> familles PAD;2026-05-07 22:07:55.013958+00;candidate
0.85;2026-05-07 22:07:55.013958+00;expert_rule;54bd4a89-e3bf-4aec-a864-d44eb60e9fbd;true;Sel -> T10 : le label PAD T10 mentionne 'sel' explicitement. Match direct. | [AUDIT-R1] Match direct : label PAD T10 = 'Sel, soufre et produits chimiques'. Sel explicitement nommé.;03.4;group;T10;true;PAD_NST_RECOMMENDATION_ENGINE.md;Label PAD T10 = 'Sel, soufre et produits chimiques';2026-05-07 22:07:55.013958+00;candidate
0.8;2026-05-07 22:07:55.013958+00;expert_rule;37b7bd3f-5b35-4ac2-bbf8-ff5d405db2a4;true;Sable, gravier, argile -> T07 : le label PAD T07 mentionne 'sable' explicitement. Les materiaux de carriere correspondent directement a T07. | [AUDIT-R1] Match direct : label PAD T07 = 'Clinker, farine, charbon, sable et vracs pondéreux'. Sable explicitement nommé.;03.5;group;T07;true;PAD_NST_RECOMMENDATION_ENGINE.md;Label PAD T07 = 'Clinker, farine, charbon, sable et vracs pondereux';2026-05-07 22:07:55.013958+00;candidate
0.6;2026-05-07 22:07:55.013958+00;expert_rule;1cb05b32-0ad5-4aaa-9aa5-aa329674fad1;true;Viandes et produits carnes -> T02 : denrees alimentaires transformees classees marchandises generales. Pas de categorie PAD dediee aux viandes. | [AUDIT-R1] Denrées alimentaires transformées. T02 par défaut acceptable.;04.1;group;T02;true;PAD_NST_RECOMMENDATION_ENGINE.md;Section 6 — Rapprochement indicatif NST -> familles PAD;2026-05-07 22:07:55.013958+00;candidate
0.75;2026-05-07 22:07:55.013958+00;expert_rule;ae54cbc8-1bbf-49dc-83fa-c2997b1f035c;true;Poissons transformes -> P05 : produits de la peche transformes. P05 = produits de peche NDA. Les conserves et poissons transformes restent dans la famille peche. | [AUDIT-R1] Produits de la pêche transformés restent dans P05 'Produits de pêche NDA'. Cohérent.;04.2;group;P05;true;PAD_NST_RECOMMENDATION_ENGINE.md;Label PAD P05 = 'Produits de peche NDA';2026-05-07 22:07:55.013958+00;candidate
0.6;2026-05-07 22:07:55.013958+00;expert_rule;f8b9194e-3c9c-497c-9c0e-f9486532dec1;true;Fruits et legumes transformes -> T02 : produits alimentaires transformes classes marchandises generales. | [AUDIT-R1] Produits alimentaires transformés. T02 par défaut acceptable.;04.3;group;T02;true;PAD_NST_RECOMMENDATION_ENGINE.md;Section 6 — Rapprochement indicatif NST -> familles PAD;2026-05-07 22:07:55.013958+00;candidate
0.8;2026-05-07 22:07:55.013958+00;nstr_bridge_inferred;ce4952b5-513d-4881-a0b1-0321d0646e85;true;Huiles et graisses vegetales et animales -> T06 : NSTR bridge maps huiles vegetales to T06 oleagineux. Le label PAD T06 = 'arachides, oleagineux' couvre les huiles. | [AUDIT-R1] Match via pont NSTR : huiles végétales → T06 'Arachides, oléagineux'. Correspondance directe.;04.4;group;T06;true;PAD_NST_RECOMMENDATION_ENGINE.md;NSTR bridge: huiles vegetales -> T06 oleagineux;2026-05-07 22:07:55.013958+00;candidate
0.5;2026-05-07 22:07:55.013958+00;expert_rule;afcf2b59-5775-4168-9a51-09d8741571c3;true;Produits laitiers -> T02 : denrees alimentaires transformees classees marchandises generales. Pas de categorie PAD specifique pour les produits laitiers. | [AUDIT-R1] Produits laitiers = denrées transformées. T02 par défaut. Confiance modérée.;04.5;group;T02;true;PAD_NST_RECOMMENDATION_ENGINE.md;Section 6 — Rapprochement indicatif NST -> familles PAD;2026-05-07 22:07:55.013958+00;candidate
0.8;2026-05-07 22:07:55.013958+00;expert_rule;56e08573-8075-4ae5-abfd-2bead57ddd13;true;Farines et produits amylaces -> T05 : le label PAD T05 mentionne 'farine' dans 'clinker, farine' (T07) mais aussi 'cereales, ciment, riz' pour les produits cerealiers transformes. La farine est un produit cerealier transforme. | [AUDIT-R1] La farine est un produit céréalier transformé. T05 'Céréales, ciment, riz et produits assimilés' est le bon classement. Match direct.;04.6;group;T05;true;PAD_NST_RECOMMENDATION_ENGINE.md;Label PAD T05 = 'Cereales, ciment, riz et produits assimiles';2026-05-07 22:07:55.013958+00;candidate
0.5;2026-05-07 22:07:55.013958+00;expert_rule;ec75d3ef-acc0-41f6-be71-0c3f3bd7e13d;true;Farines et produits amylaces -> T07 : le label PAD T07 mentionne 'farine' dans 'clinker, farine, charbon, sable'. Ambiguite car T07 couvre surtout les vracs pondereux industriels. Candidate secondaire. | [AUDIT-R1] T07 mentionne 'farine' mais contexte industriel (clinker, charbon). Confiance ajustée à la baisse. Candidat secondaire.;04.6;group;T07;true;PAD_NST_RECOMMENDATION_ENGINE.md;Label PAD T07 = 'Clinker, farine, charbon, sable et vracs pondereux';2026-05-07 22:07:55.013958+00;candidate
0.5;2026-05-07 22:07:55.013958+00;expert_rule;d8230ecd-8aac-4db8-8c8f-58f760a1bce9;true;Boissons alcoolisees -> T01 : les alias PAD existants classent les vins et spiritueux sous T01 'biens de valeur'. Les boissons alcoolisees sont des produits a valeur elevee. | [AUDIT-R1] Vins et spiritueux classés 'biens de valeur' T01 via alias PAD existants. Confiance ajustée.;04.7;group;T01;true;PAD_NST_RECOMMENDATION_ENGINE.md;Alias PAD: vins et spiritueux -> T01;2026-05-07 22:07:55.013958+00;candidate
0.5;2026-05-07 22:07:55.013958+00;expert_rule;7a6e5c83-d003-47c0-a6ce-5efdf14fc563;true;Boissons alcoolisees -> T02 : alternative a T01. Les boissons peuvent aussi etre classees marchandises generales selon le volume et la valeur. | [AUDIT-R1] Alternative T02 acceptable pour boissons en vrac ou à faible valeur. Confiance identique à T01.;04.7;group;T02;true;PAD_NST_RECOMMENDATION_ENGINE.md;Section 6 — Rapprochement indicatif NST -> familles PAD;2026-05-07 22:07:55.013958+00;candidate
0.45;2026-05-07 22:07:55.013958+00;expert_rule;49b50829-746a-48c2-a558-05a9f8724f87;true;Tabac -> T01 : le tabac est un produit a valeur elevee, taxe, qui pourrait relever de T01 'biens de valeur'. Rapprochement indicatif. | [AUDIT-R1] Tabac = produit à valeur élevée et taxé. T01 'biens de valeur' plausible mais confiance ajustée.;04.8;group;T01;true;PAD_NST_RECOMMENDATION_ENGINE.md;Section 6 — Rapprochement indicatif NST -> familles PAD;2026-05-07 22:07:55.013958+00;candidate
0.55;2026-05-07 22:07:55.013958+00;expert_rule;8ea5f493-35be-4f89-bbcf-c4a5cec54b88;true;Tabac -> T02 : alternative. Le tabac en vrac ou transforme peut etre classe marchandises generales. | [AUDIT-R1] Tabac en vrac = marchandises générales T02. Confiance légèrement supérieure à T01.;04.8;group;T02;true;PAD_NST_RECOMMENDATION_ENGINE.md;Section 6 — Rapprochement indicatif NST -> familles PAD;2026-05-07 22:07:55.013958+00;candidate
0.7;2026-05-07 22:07:55.013958+00;expert_rule;29d58e86-20e8-4d12-acb7-c40870668a9b;true;Vetements et articles en fourrure -> T12 : produits textiles manufactures. T12 = materiaux et produits manufactures. Les vetements sont des produits manufactures finis. | [AUDIT-R1] Vêtements = produits manufacturés finis. T12 pertinent.;05.1;group;T12;true;PAD_NST_RECOMMENDATION_ENGINE.md;Section 6 — Rapprochement indicatif NST -> familles PAD;2026-05-07 22:07:55.013958+00;candidate
0.6;2026-05-07 22:07:55.013958+00;expert_rule;d7fb2f93-d559-4246-a05f-00224701b879;true;Chaussures -> T12 : produits manufactures finis. Meme logique que les vetements (05.1). | [AUDIT-R1] Chaussures = produits manufacturés finis. Même logique que 05.1.;05.2;group;T12;true;PAD_NST_RECOMMENDATION_ENGINE.md;Section 6 — Rapprochement indicatif NST -> familles PAD;2026-05-07 22:07:55.013958+00;candidate
0.6;2026-05-07 22:07:55.013958+00;expert_rule;a7d900e8-9f2b-4674-a8e9-17d50f9ec6c1;true;Cuir et articles en cuir -> T12 : produits manufactures. Les articles en cuir (maroquinerie) sont des produits manufactures finis. | [AUDIT-R1] Articles en cuir = produits manufacturés. T12 pertinent.;05.3;group;T12;true;PAD_NST_RECOMMENDATION_ENGINE.md;Section 6 — Rapprochement indicatif NST -> familles PAD;2026-05-07 22:07:55.013958+00;candidate
0.85;2026-05-07 22:07:55.013958+00;expert_rule;4ff4671b-d85e-448c-9a94-d07de94432ff;true;Bois scies et rabotes -> T04 : match direct avec le label PAD T04 'bois et produits divers'. Le bois transforme (planches, chevrons) est le coeur de T04. | [AUDIT-R1] Match direct : label PAD T04 = 'Bois et produits divers'. Bois scié est le cœur de T04.;06.1;group;T04;true;PAD_NST_RECOMMENDATION_ENGINE.md;Label PAD T04 = 'Bois et produits divers';2026-05-07 22:07:55.013958+00;candidate
0.8;2026-05-07 22:07:55.013958+00;expert_rule;5d7dc62e-816c-4a41-b697-191a5948d58f;true;Panneaux et contreplaque -> T04 : derives du bois, meme famille que 06.1. T04 = bois et produits divers. | [AUDIT-R1] Dérivés du bois = T04. Même famille que 06.1.;06.2;group;T04;true;PAD_NST_RECOMMENDATION_ENGINE.md;Label PAD T04 = 'Bois et produits divers';2026-05-07 22:07:55.013958+00;candidate
0.55;2026-05-07 22:07:55.013958+00;expert_rule;5421aea0-4cf9-4fee-be32-3bec7300051c;true;Papier et carton -> T12 : produits manufactures a base de cellulose. T12 = materiaux et produits manufactures. Le papier transforme est un produit manufacture. | [AUDIT-R1] Papier/carton = produit manufacturé. T12 acceptable. Confiance modérée.;06.3;group;T12;true;PAD_NST_RECOMMENDATION_ENGINE.md;Section 6 — Rapprochement indicatif NST -> familles PAD;2026-05-07 22:07:55.013958+00;candidate
0.8;2026-05-07 22:07:55.013958+00;expert_rule;e5c64582-1501-4658-9aae-6b2358f5ef88;true;Coke -> T07 : le coke est un combustible solide assimile au charbon. T07 = clinker, farine, charbon, sable. Le coke est dans la meme famille que le charbon (vracs pondereux). | [AUDIT-R1] Coke = combustible solide assimilé au charbon. T07 mentionne 'charbon'. Match direct par assimilation.;07.1;group;T07;true;PAD_NST_RECOMMENDATION_ENGINE.md;Label PAD T07, charbon -> coke par assimilation;2026-05-07 22:07:55.013958+00;candidate
0.55;2026-05-07 22:07:55.013958+00;expert_rule;9abb4a2f-21ce-4e5c-a0f6-a85ed525cae6;true;Produits petroliers raffines -> T06 : les huiles minerales raffinées pourraient etre rapprochees de T06 par extension. Cependant T11 est plus precis. Candidate secondaire. | [AUDIT-R1] T06 rapprochement faible pour produits pétroliers. T11 est plus précis. Enrichir pour indiquer T11 comme principal.;07.2;group;T06;true;PAD_NST_RECOMMENDATION_ENGINE.md;Section 6 — Rapprochement indicatif NST -> familles PAD;2026-05-07 22:07:55.013958+00;candidate
0.85;2026-05-07 22:07:55.013958+00;expert_rule;64e39e6d-6f8b-4ad8-9308-d6c2749bd8e9;true;Produits petroliers raffines -> T11 : match direct avec le label PAD T11 'hydrocarbures raffines'. Les essences, gazole, bitumes sont explicitement couverts. | [AUDIT-R1] Match direct : label PAD T11 = 'hydrocarbures raffinés'. Essences, gazole, bitumes explicitement couverts.;07.2;group;T11;true;PAD_NST_RECOMMENDATION_ENGINE.md;Label PAD T11 = 'Petrole brut, essences, bitumes, hydrocarbures raffines';2026-05-07 22:07:55.013958+00;candidate
0.8;2026-05-07 22:07:55.013958+00;expert_rule;983f51d7-33fe-425f-8380-e8d3da173b02;true;Combustible nucleaire -> T06 : rapprochement par defaut. Le combustible nucleaire n'a pas de categorie PAD dediee. T06 est utilise comme categorie de repli. | [AUDIT-R1] Pas de catégorie PAD dédiée pour le nucléaire. T06 comme repli par défaut. Confiance maintenue.;07.3;group;T06;true;PAD_NST_RECOMMENDATION_ENGINE.md;Section 6 — Rapprochement indicatif NST -> familles PAD;2026-05-07 22:07:55.013958+00;candidate
0.8;2026-05-07 22:07:55.013958+00;expert_rule;81ed89e5-3a2d-4ce0-97c4-8e239482b1a0;true;Biocombustibles -> T11 : les biocarburants sont assimiles aux hydrocarbures. T11 = petrole brut, essences, bitumes, hydrocarbures raffines. Les biocarburants sont des substituts directs. | [AUDIT-R1] Biocarburants assimilés aux hydrocarbures. T11 pertinent par assimilation directe.;07.4;group;T11;true;PAD_NST_RECOMMENDATION_ENGINE.md;Section 6 — Rapprochement indicatif NST -> familles PAD;2026-05-07 22:07:55.013958+00;candidate
0.85;2026-05-07 22:07:55.013958+00;expert_rule;8a04f220-1217-43b7-8eb4-0892c42fb6bc;true;Produits chimiques de base -> T10 : le label PAD T10 mentionne 'produits chimiques'. Les acides, bases, produits chimiques industriels correspondent a T10. | [AUDIT-R1] Match direct : label PAD T10 = 'Sel, soufre et produits chimiques'. Produits chimiques explicitement nommés.;08.1;group;T10;true;PAD_NST_RECOMMENDATION_ENGINE.md;Label PAD T10 = 'Sel, soufre et produits chimiques';2026-05-07 22:07:55.013958+00;candidate
0.6;2026-05-07 22:07:55.013958+00;expert_rule;5890187f-06c4-41ad-91e7-f1d9f89de9fc;true;Engrais et produits azotes -> T03 : les engrais sont des matieres premieres chimiques. T03 = acides, sucres et matieres premieres. Ambiguite avec T08 (phosphates). | [AUDIT-R1] Engrais = matières premières chimiques. T03 acceptable. Confiance modérée.;08.2;group;T03;true;PAD_NST_RECOMMENDATION_ENGINE.md;Section 6 — Rapprochement indicatif NST -> familles PAD;2026-05-07 22:07:55.013958+00;candidate
0.65;2026-05-07 22:07:55.013958+00;expert_rule;f6d2b831-049b-4165-8402-e932293df288;true;Matieres plastiques de base -> T08 : les matieres plastiques brutes sont des matieres premieres industrielles. T08 = attapulgite, phosphates, ferrailles, tourteaux, cellulose. La cellulose et les polymeres bruts relevent de T08. | [AUDIT-R1] Matières plastiques brutes = matières premières industrielles. T08 pertinent via cellulose/polymères.;08.3;group;T08;true;PAD_NST_RECOMMENDATION_ENGINE.md;Section 6 — Rapprochement indicatif NST -> familles PAD;2026-05-07 22:07:55.013958+00;candidate
0.55;2026-05-07 22:07:55.013958+00;expert_rule;ba7ab763-1648-412b-8a9f-bea549467703;true;Caoutchouc synthetique et naturel -> T03 : matiere premiere brute. T03 = acides, sucres et matieres premieres. Le caoutchouc naturel est une matiere premiere agricole. | [AUDIT-R1] Caoutchouc naturel = matière première brute. T03 pertinent. Enrichir pour distinguer caoutchouc naturel (T03) vs synthétique (T12).;08.4;group;T03;true;PAD_NST_RECOMMENDATION_ENGINE.md;Section 6 — Rapprochement indicatif NST -> familles PAD;2026-05-07 22:07:55.013958+00;candidate
0.45;2026-05-07 22:07:55.013958+00;expert_rule;20b3892c-7b31-4ced-9717-e5c7319f344d;true;Caoutchouc synthetique -> T12 : le caoutchouc synthetique est un produit manufacture. T12 = materiaux et produits manufactures. Candidate secondaire. | [AUDIT-R1] Caoutchouc synthétique = produit manufacturé. T12 comme candidat secondaire. Confiance ajustée.;08.4;group;T12;true;PAD_NST_RECOMMENDATION_ENGINE.md;Section 6 — Rapprochement indicatif NST -> familles PAD;2026-05-07 22:07:55.013958+00;candidate
0.7;2026-05-07 22:07:55.013958+00;expert_rule;b5e98ed8-e480-46d3-81e1-5d61b9adf83d;true;Produits pharmaceutiques -> T01 : les medicaments sont des biens de valeur. T01 = biens de valeur, electronique, informatique et mobilier. Les produits pharmaceutiques sont des biens a haute valeur ajoutee. | [AUDIT-R1] Produits pharmaceutiques = biens de valeur à haute valeur ajoutée. T01 pertinent.;08.5;group;T01;true;PAD_NST_RECOMMENDATION_ENGINE.md;Section 6 — Rapprochement indicatif NST -> familles PAD;2026-05-07 22:07:55.013958+00;candidate
0.75;2026-05-07 22:07:55.013958+00;expert_rule;56a2bde5-d271-4761-9ce5-3d388f8a6afc;true;Peintures, savons, produits d'entretien -> T12 : produits chimiques manufactures. T12 = materiaux et produits manufactures. Les peintures et detergents sont des produits manufactures finis. | [AUDIT-R1] Peintures, savons = produits chimiques manufacturés finis. T12 pertinent.;08.6;group;T12;true;PAD_NST_RECOMMENDATION_ENGINE.md;Section 6 — Rapprochement indicatif NST -> familles PAD;2026-05-07 22:07:55.013958+00;candidate
0.65;2026-05-07 22:07:55.013958+00;expert_rule;6cc83fc9-74f3-42be-80c5-473c954afd97;true;Verre et produits en verre -> T12 : produits manufactures mineraux. T12 = materiaux et produits manufactures. Les bouteilles, vitres, verrerie sont des produits manufactures. | [AUDIT-R1] Verre = produit manufacturé minéral. T12 pertinent.;09.1;group;T12;true;PAD_NST_RECOMMENDATION_ENGINE.md;Section 6 — Rapprochement indicatif NST -> familles PAD;2026-05-07 22:07:55.013958+00;candidate
0.55;2026-05-07 22:07:55.013958+00;expert_rule;07ceabf2-dc6b-47dc-a41a-18ca168fd172;true;Ciment, chaux, platre -> T07 : le ciment est un vrac pondereux. T07 = clinker, farine, charbon, sable. Le clinker (matiere premiere du ciment) est explicitement dans T07. Ambiguite avec T05 qui mentionne aussi le ciment. | [AUDIT-R1] Ciment/clinker = vrac pondéreux. T07 pertinent mais conflit T05/T07 pour ciment fini. Enrichir notes.;09.2;group;T07;true;PAD_NST_RECOMMENDATION_ENGINE.md;Label PAD T07 = 'Clinker, farine, charbon, sable et vracs pondereux';2026-05-07 22:07:55.013958+00;candidate
0.55;2026-05-07 22:07:55.013958+00;expert_rule;78c4a570-c7c3-49a5-9947-fef0d6296086;true;Ceramiques et produits refractaires -> T07 : les materiaux refractaires sont des produits mineraux pondereux. T07 couvre les vracs pondereux et materiaux de construction. Ambiguite avec T12 pour les ceramiques fines. | [AUDIT-R1] Matériaux réfractaires = minéraux pondéreux. T07 pertinent pour céramiques industrielles. Confiance modérée.;09.3;group;T07;true;PAD_NST_RECOMMENDATION_ENGINE.md;Section 6 — Rapprochement indicatif NST -> familles PAD;2026-05-07 22:07:55.013958+00;candidate
0.85;2026-05-07 22:07:55.013958+00;expert_rule;ccc3ce1b-66df-4020-8137-eb0b635c03c0;true;Fer et acier de base -> T14 : match direct avec le label PAD T14 'fil machine et feuillard'. Les produits siderurgiques de premiere transformation (billettes, barres, profiles) sont le coeur de T14. | [AUDIT-R1] Match direct : label PAD T14 = 'Fil machine et feuillard'. Fer/acier de base = cœur de T14.;10.1;group;T14;true;PAD_NST_RECOMMENDATION_ENGINE.md;Label PAD T14 = 'Fil machine et feuillard';2026-05-07 22:07:55.013958+00;candidate
0.6;2026-05-07 22:07:55.013958+00;expert_rule;3fd06bfe-e9b5-46d9-a0ea-5340d29700f8;true;Metaux non ferreux -> T12 : les metaux non ferreux transformes (aluminium, cuivre en feuilles/barres) sont des materiaux manufactures. T12 = materiaux et produits manufactures. | [AUDIT-R1] Métaux non ferreux transformés = matériaux manufacturés. T12 pertinent.;10.2;group;T12;true;PAD_NST_RECOMMENDATION_ENGINE.md;Section 6 — Rapprochement indicatif NST -> familles PAD;2026-05-07 22:07:55.013958+00;candidate
0.7;2026-05-07 22:07:55.013958+00;expert_rule;5dfc154f-00d0-4358-bdb2-accfba8fc200;true;Produits metalliques structurels -> T12 : structures metalliques, reservoirs, chaudieres = produits manufactures. T12 = materiaux et produits manufactures. | [AUDIT-R1] Structures métalliques = produits manufacturés. T12 pertinent.;10.3;group;T12;true;PAD_NST_RECOMMENDATION_ENGINE.md;Section 6 — Rapprochement indicatif NST -> familles PAD;2026-05-07 22:07:55.013958+00;candidate
0.75;2026-05-07 22:07:55.013958+00;nstr_bridge_inferred;64d5fa2e-0679-4871-8aa7-f5e4f3ec69ec;true;Fils et cables metalliques -> T14 : NSTR bridge maps fils/cables to T14. T14 = fil machine et feuillard. Les fils et cables sont dans la meme famille que le fil machine. | [AUDIT-R1] Match via pont NSTR : fils/câbles → T14 'Fil machine et feuillard'. Même famille industrielle.;10.4;group;T14;true;PAD_NST_RECOMMENDATION_ENGINE.md;NSTR bridge: fils et cables -> T14;2026-05-07 22:07:55.013958+00;candidate
0.65;2026-05-07 22:07:55.013958+00;expert_rule;abd4008c-3063-49e8-93ce-e4af0d3af04f;true;Quincaillerie et outillage -> T12 : produits metalliques manufactures finis. T12 = materiaux et produits manufactures. La quincaillerie et l'outillage sont des produits manufactures de petite taille. | [AUDIT-R1] Quincaillerie/outillage = produits manufacturés finis. T12 pertinent.;10.5;group;T12;true;PAD_NST_RECOMMENDATION_ENGINE.md;Section 6 — Rapprochement indicatif NST -> familles PAD;2026-05-07 22:07:55.013958+00;candidate
0.7;2026-05-07 22:07:55.013958+00;expert_rule;199f1d3b-d5f2-4e57-afa4-bce795db558f;true;Moteurs et turbines -> T09 : les moteurs industriels sont du materiel de transport/equipement lourd. T09 = tracteurs, vehicules industriels et materiel de transport. Les moteurs sont des composants de materiel de transport. | [AUDIT-R1] Moteurs industriels = composants de matériel de transport. T09 pertinent.;11.1;group;T09;true;PAD_NST_RECOMMENDATION_ENGINE.md;Section 6 — Rapprochement indicatif NST -> familles PAD;2026-05-07 22:07:55.013958+00;candidate
0.6;2026-05-07 22:07:55.013958+00;expert_rule;fed877c2-243a-4887-a27e-7c154e2eab39;true;Ordinateurs et equipements informatiques -> T01 : le label PAD T01 mentionne 'informatique' explicitement. Match direct. | [AUDIT-R1] Match direct : label PAD T01 = 'biens de valeur, électronique, informatique et mobilier'. Informatique explicitement nommée.;11.2;group;T01;true;PAD_NST_RECOMMENDATION_ENGINE.md;Label PAD T01 = 'Biens de valeur, electronique, informatique et mobilier';2026-05-07 22:07:55.013958+00;candidate
0.8;2026-05-07 22:07:55.013958+00;expert_rule;1e3e87d6-75de-4bda-8e6d-8faa0777c6b7;true;Materiel electrique -> T01 : equipements electriques = biens de valeur. T01 = biens de valeur, electronique, informatique et mobilier. L'electronique est explicitement dans le label. | [AUDIT-R1] Matériel électrique = biens de valeur. T01 mentionne 'électronique'. Correspondance directe.;11.3;group;T01;true;PAD_NST_RECOMMENDATION_ENGINE.md;Label PAD T01 = 'Biens de valeur, electronique, informatique et mobilier';2026-05-07 22:07:55.013958+00;candidate
0.8;2026-05-07 22:07:55.013958+00;expert_rule;0904d1e1-f271-4f14-8213-d4b037b7b4cc;true;Appareils medicaux et de precision -> T01 : instruments de precision = biens de haute valeur. T01 = biens de valeur. Les appareils medicaux sont des equipements a forte valeur ajoutee. | [AUDIT-R1] Appareils médicaux et de précision = biens de haute valeur. T01 pertinent.;11.4;group;T01;true;PAD_NST_RECOMMENDATION_ENGINE.md;Section 6 — Rapprochement indicatif NST -> familles PAD;2026-05-07 22:07:55.013958+00;candidate
0.65;2026-05-07 22:07:55.013958+00;expert_rule;f4ff1dd2-bf14-4a8a-8b5d-aeb2bf5ddcb5;true;Machines industrielles -> T09 : les machines industrielles sont des equipements lourds. T09 = tracteurs, vehicules industriels. Les machines de production sont assimilees aux equipements industriels. | [AUDIT-R1] Machines industrielles = équipements lourds. T09 pertinent par assimilation.;11.5;group;T09;true;PAD_NST_RECOMMENDATION_ENGINE.md;Section 6 — Rapprochement indicatif NST -> familles PAD;2026-05-07 22:07:55.013958+00;candidate
0.7;2026-05-07 22:07:55.013958+00;expert_rule;293c75d9-2911-4af9-a7ee-40af47f84ae6;true;Machines agricoles -> T09 : les tracteurs et machines agricoles sont explicitement dans le label T09 'tracteurs, vehicules industriels'. Match direct. | [AUDIT-R1] Match direct : label PAD T09 = 'Tracteurs, véhicules industriels'. Machines agricoles/tracteurs explicitement couverts.;11.6;group;T09;true;PAD_NST_RECOMMENDATION_ENGINE.md;Label PAD T09 = 'Tracteurs, vehicules industriels et materiel de transport';2026-05-07 22:07:55.013958+00;candidate
0.8;2026-05-07 22:07:55.013958+00;expert_rule;c3cdff14-f114-4338-bfdf-612228fd7211;true;Appareils menagers -> T01 : les appareils electromenagers sont des biens de valeur. T01 = biens de valeur, electronique, informatique et mobilier. Les gros electromenagers sont des biens de valeur importes. | [AUDIT-R1] Appareils ménagers = biens de valeur importés. T01 pertinent.;11.7;group;T01;true;PAD_NST_RECOMMENDATION_ENGINE.md;Section 6 — Rapprochement indicatif NST -> familles PAD;2026-05-07 22:07:55.013958+00;candidate
0.6;2026-05-07 22:07:55.013958+00;nstr_bridge_inferred;155c773f-b448-47f8-87cc-5d21bd44c2fc;true;Armes et munitions -> T09 : NSTR bridge maps armement to materiel de transport/vehicules. T09 = tracteurs, vehicules industriels et materiel de transport. Les vehicules militaires et armement sont assimiles au materiel de transport. | [AUDIT-R1] Armement assimilé au matériel de transport via pont NSTR. T09 pertinent.;11.8;group;T09;true;PAD_NST_RECOMMENDATION_ENGINE.md;NSTR bridge: armement -> T09 materiel de transport;2026-05-07 22:07:55.013958+00;candidate
0.85;2026-05-07 22:07:55.013958+00;expert_rule;d4c8b6e5-40eb-4d96-99ef-acbb0a4feede;true;Vehicules automobiles -> T09 : match direct avec le label PAD T09 'vehicules industriels et materiel de transport'. Les vehicules sont le coeur de T09. | [AUDIT-R1] Match direct : label PAD T09 = 'Tracteurs, véhicules industriels et matériel de transport'. Véhicules = cœur de T09.;12.1;group;T09;true;PAD_NST_RECOMMENDATION_ENGINE.md;Label PAD T09 = 'Tracteurs, vehicules industriels et materiel de transport';2026-05-07 22:07:55.013958+00;candidate
0.8;2026-05-07 22:07:55.013958+00;expert_rule;cabf53ad-0cfe-4441-b9d1-dc23562a9090;true;Autre materiel de transport -> T09 : navires, aeronefs, materiel ferroviaire = materiel de transport. T09 couvre tout le materiel de transport. | [AUDIT-R1] Navires, aéronefs, matériel ferroviaire = matériel de transport. T09 pertinent.;12.2;group;T09;true;PAD_NST_RECOMMENDATION_ENGINE.md;Label PAD T09 = 'Tracteurs, vehicules industriels et materiel de transport';2026-05-07 22:07:55.013958+00;candidate
0.8;2026-05-07 22:07:55.013958+00;expert_rule;e4e271b3-8fa1-4b54-8038-51cb845e0b7d;true;Meubles -> T01 : le label PAD T01 mentionne 'mobilier' explicitement. Match direct entre meubles et T01. | [AUDIT-R1] Match direct : label PAD T01 = 'biens de valeur, électronique, informatique et mobilier'. Mobilier explicitement nommé.;13.1;group;T01;true;PAD_NST_RECOMMENDATION_ENGINE.md;Label PAD T01 = 'Biens de valeur, electronique, informatique et mobilier';2026-05-07 22:07:55.013958+00;candidate
0.45;2026-05-07 22:07:55.013958+00;expert_rule;68a604fc-9a56-4825-b4c0-0acd86cdeb9e;true;Autres produits manufactures (bijoux, instruments de musique, etc.) -> T01 : les bijoux et instruments sont des biens de valeur. Confidence faible car la categorie est tres heterogene. | [AUDIT-R1] Catégorie hétérogène. T01 'biens de valeur' plausible pour bijoux mais confiance ajustée.;13.2;group;T01;true;PAD_NST_RECOMMENDATION_ENGINE.md;Section 6 — Rapprochement indicatif NST -> familles PAD;2026-05-07 22:07:55.013958+00;candidate
0.5;2026-05-07 22:07:55.013958+00;expert_rule;1f8ce295-8a7d-4b3e-9a43-34f739ea773f;true;Dechets municipaux -> T08 : les dechets recyclables contiennent des ferrailles. T08 = attapulgite, phosphates, ferrailles, tourteaux, cellulose. La cellulose (papier) et les ferrailles sont des dechets recyclables. | [AUDIT-R1] Déchets municipaux → ferrailles/cellulose recyclables. T08 pertinent par défaut.;14.1;group;T08;true;PAD_NST_RECOMMENDATION_ENGINE.md;Section 6 — Rapprochement indicatif NST -> familles PAD;2026-05-07 22:07:55.013958+00;candidate
0.65;2026-05-07 22:07:55.013958+00;expert_rule;5463be6a-6070-483c-b5f5-87ce51e1ad85;true;Matieres premieres secondaires -> T08 : ferrailles, metaux recycles, papier recycle. T08 = attapulgite, phosphates, ferrailles, tourteaux, cellulose. Les ferrailles et la cellulose recyclee correspondent a T08. | [AUDIT-R1] Ferrailles et matières recyclées = T08. Correspondance directe.;14.2;group;T08;true;PAD_NST_RECOMMENDATION_ENGINE.md;Section 6 — Rapprochement indicatif NST -> familles PAD;2026-05-07 22:07:55.013958+00;candidate
0.55;2026-05-07 22:07:55.013958+00;expert_rule;097e4128-0a8a-4d19-a6db-3d0071d60e6c;true;Courrier et colis -> T02 : les envois postaux sont classes marchandises generales. T02 = marchandises generales. Les colis et courrier commercial relevent de T02 par defaut. | [AUDIT-R1] Courrier/colis = marchandises générales. T02 par défaut acceptable.;15.1;group;T02;true;PAD_NST_RECOMMENDATION_ENGINE.md;Section 6 — Rapprochement indicatif NST -> familles PAD;2026-05-07 22:07:55.013958+00;candidate